date,PM2.5,PM10,NO2,SO2,CO,O3,temperature,humidity,wind_speed,AQI
2018-01-01,84.490,118.655,45.768,25.078,1.109,45.456,24.186,74.814,4.989,86.995
2018-01-02,79.927,120.563,35.639,20.937,1.592,30.878,28.449,64.998,1.471,83.260
2018-01-03,86.730,122.724,63.418,20.262,1.028,36.987,22.263,40.510,5.918,92.866
2018-01-04,94.248,124.930,32.045,23.899,1.729,30.302,25.672,50.430,5.002,91.012
2018-01-05,80.706,121.846,32.628,18.124,1.645,22.735,28.368,49.066,4.302,83.432
2018-01-06,81.220,125.756,35.477,27.843,1.059,40.337,29.016,45.681,5.700,85.432
2018-01-07,96.240,139.988,41.945,16.060,1.049,25.645,27.584,50.588,3.830,98.506
2018-01-08,90.258,134.659,36.238,23.285,0.896,40.749,25.193,60.891,4.429,92.774
2018-01-09,80.873,134.092,44.899,27.169,1.011,39.090,29.233,81.292,3.488,89.644
2018-01-10,89.479,121.440,32.171,13.114,0.830,34.298,24.705,74.522,5.880,87.606
2018-01-11,81.939,117.696,28.947,18.283,1.329,42.803,32.136,80.115,7.075,82.068
2018-01-12,82.427,136.732,25.614,25.711,0.763,45.626,26.797,83.016,6.806,87.356
2018-01-13,88.593,136.528,22.211,25.786,1.381,28.773,22.600,54.969,6.395,89.697
2018-01-14,71.854,143.080,35.855,19.143,1.388,24.338,23.803,50.762,0.603,86.022
2018-01-15,73.861,122.898,37.592,16.327,0.702,16.950,27.684,33.457,7.339,81.318
2018-01-16,83.660,127.223,34.949,24.780,1.665,45.713,28.139,85.829,2.562,86.987
2018-01-17,80.552,113.702,49.947,25.918,1.354,26.922,33.794,33.949,7.160,84.376
2018-01-18,91.662,126.748,49.824,14.177,1.425,37.945,24.934,74.468,1.977,93.820
2018-01-19,82.374,141.210,37.322,13.980,0.972,24.811,28.331,52.686,3.797,91.014
2018-01-20,78.827,127.148,25.649,21.126,1.387,40.768,25.197,86.927,6.120,82.688
2018-01-21,102.335,138.783,35.466,23.147,1.538,25.099,27.059,55.176,5.302,99.896
2018-01-22,89.286,131.035,35.201,18.505,1.170,21.658,33.749,78.997,3.619,90.994
2018-01-23,92.110,136.739,34.743,23.396,1.801,28.540,25.448,46.959,5.590,94.025
2018-01-24,80.647,122.575,34.418,16.449,1.213,26.278,30.776,47.945,4.617,83.980
2018-01-25,88.161,135.454,34.772,9.427,1.542,34.174,30.351,65.731,2.568,91.671
2018-01-26,93.871,105.236,36.908,17.880,1.288,29.640,29.255,89.879,5.347,85.888
2018-01-27,84.239,133.819,34.916,20.316,1.376,34.394,31.041,61.054,2.032,89.248
2018-01-28,96.912,119.920,41.667,18.621,0.699,27.963,26.155,86.179,5.705,92.765
2018-01-29,89.557,148.816,42.883,14.207,1.311,25.344,34.756,77.175,0.523,98.000
2018-01-30,92.480,145.056,32.715,10.922,0.980,25.915,35.712,77.752,4.616,96.300
2018-01-31,90.446,142.470,50.169,17.430,0.946,44.315,30.228,56.158,3.508,97.998
2018-02-01,110.521,153.530,32.160,24.488,1.723,31.576,37.503,53.193,2.773,107.751
2018-02-02,96.032,129.341,27.058,26.281,1.136,16.114,29.183,41.515,4.368,92.230
2018-02-03,88.111,156.809,43.046,25.939,0.899,26.359,31.726,87.836,5.340,99.708
2018-02-04,103.581,149.156,33.461,15.920,1.092,30.678,34.963,87.564,7.740,103.230
2018-02-05,87.657,137.962,42.570,14.231,0.810,42.918,29.431,74.824,6.748,93.731
2018-02-06,99.513,152.172,20.771,22.483,1.630,37.201,26.803,47.775,5.879,99.562
2018-02-07,82.577,130.234,51.140,23.176,0.991,23.548,26.250,44.711,4.092,90.587
2018-02-08,88.036,133.526,45.378,22.001,1.359,46.928,37.403,89.317,3.441,93.152
2018-02-09,100.638,136.154,27.996,9.930,1.607,29.782,29.767,33.993,0.744,96.764
2018-02-10,105.367,137.412,28.170,15.666,1.050,38.724,30.929,80.614,3.193,99.541
2018-02-11,101.220,132.592,53.378,19.852,1.360,21.915,28.278,51.327,6.863,101.063
2018-02-12,99.308,155.836,34.101,22.436,0.891,13.213,34.589,55.132,3.380,103.225
2018-02-13,98.203,141.458,33.327,23.837,1.934,20.141,29.526,79.919,3.962,98.204
2018-02-14,89.156,148.006,21.872,20.721,1.481,7.248,30.521,35.436,2.539,93.354
2018-02-15,95.591,139.204,37.194,21.654,1.142,44.785,33.015,51.250,2.556,96.996
2018-02-16,98.024,127.122,38.178,20.424,0.968,31.502,29.044,87.121,0.964,94.784
2018-02-17,110.519,148.440,45.724,23.428,1.166,23.527,31.818,71.944,5.104,108.937
2018-02-18,105.158,127.021,28.807,21.564,1.098,33.168,36.676,75.296,3.861,96.447
2018-02-19,88.645,145.854,27.838,20.329,1.786,31.325,33.868,75.450,5.045,93.646
2018-02-20,105.675,133.246,43.608,18.658,0.832,34.347,33.086,33.634,4.602,101.533
2018-02-21,100.328,167.183,48.054,20.406,1.240,38.467,33.448,42.192,6.491,109.930
2018-02-22,98.313,156.797,27.431,22.423,1.194,27.971,31.742,59.476,6.133,101.682
2018-02-23,108.934,149.105,48.652,21.337,1.165,23.841,39.002,52.089,6.286,108.929
2018-02-24,112.594,161.041,40.300,21.904,1.167,35.794,30.679,54.655,4.244,112.669
2018-02-25,112.095,140.289,48.734,26.714,1.165,35.616,33.848,76.887,3.154,107.881
2018-02-26,98.221,154.526,39.438,21.326,1.462,30.705,33.657,30.881,7.501,103.356
2018-02-27,102.745,151.420,19.822,16.755,1.383,45.243,36.432,69.630,0.907,100.763
2018-02-28,108.145,152.384,38.784,24.418,1.326,26.935,36.808,30.007,1.645,107.544
2018-03-01,113.567,162.780,48.481,13.169,0.290,23.701,33.492,33.784,3.647,115.314
2018-03-02,102.190,157.686,32.850,14.593,1.290,32.927,34.547,54.497,5.105,104.971
2018-03-03,104.791,153.543,36.896,21.679,0.703,25.275,34.745,80.457,0.562,105.838
2018-03-04,97.671,134.393,38.591,22.582,1.394,33.469,27.024,38.700,5.895,96.872
2018-03-05,97.190,141.619,16.804,13.775,1.642,24.169,29.153,63.277,4.690,94.441
2018-03-06,113.489,150.260,53.371,18.086,0.922,27.198,32.181,70.710,4.135,112.497
2018-03-07,118.060,152.679,32.789,16.970,1.121,43.236,32.385,43.772,3.676,111.392
2018-03-08,106.848,140.692,44.046,17.567,1.020,27.161,30.543,60.740,4.396,104.441
2018-03-09,115.657,176.351,39.306,24.718,1.571,24.408,36.458,84.684,1.713,118.595
2018-03-10,110.719,167.628,50.061,23.533,1.229,38.195,34.282,60.734,1.315,115.660
2018-03-11,102.854,158.705,43.248,19.904,1.718,22.643,33.694,39.439,2.672,107.688
2018-03-12,111.087,153.615,38.121,17.270,1.324,25.149,30.630,67.669,5.821,109.252
2018-03-13,120.672,150.974,32.852,13.252,1.273,34.036,34.322,65.532,4.912,112.199
2018-03-14,108.245,143.768,46.383,27.101,1.220,36.569,26.631,31.617,4.101,106.529
2018-03-15,121.204,154.243,25.012,22.961,1.445,38.543,34.073,35.436,4.786,111.877
2018-03-16,87.876,156.217,45.167,16.467,0.679,24.769,34.801,39.407,4.694,99.837
2018-03-17,115.547,141.383,31.208,23.598,1.226,34.172,35.383,38.177,2.803,106.430
2018-03-18,109.798,157.294,50.018,19.649,1.179,26.737,30.008,45.568,1.231,112.091
2018-03-19,106.831,152.541,41.290,18.564,1.418,25.760,35.415,57.246,7.226,107.436
2018-03-20,110.070,135.147,45.153,22.176,1.144,38.422,31.654,52.303,4.999,104.609
2018-03-21,93.539,145.742,40.656,16.293,0.888,26.153,32.376,83.439,5.733,98.623
2018-03-22,107.777,150.321,25.981,18.281,1.202,31.947,36.999,66.727,3.980,104.181
2018-03-23,112.477,173.434,33.114,20.607,0.875,31.089,40.916,82.569,6.174,114.892
2018-03-24,121.521,160.213,45.379,17.503,0.622,22.505,35.053,61.622,4.884,117.900
2018-03-25,105.621,141.373,41.333,23.345,1.418,36.763,32.471,35.392,0.904,103.489
2018-03-26,103.359,159.658,49.448,29.345,1.374,33.922,35.508,57.797,7.176,109.466
2018-03-27,105.864,139.384,43.226,16.229,1.340,16.096,37.776,79.322,2.792,103.392
2018-03-28,117.243,165.733,32.266,11.674,1.591,31.942,36.836,41.646,1.534,114.795
2018-03-29,112.583,150.234,33.631,9.991,1.000,24.589,43.214,35.473,1.160,108.088
2018-03-30,105.739,154.037,40.823,19.248,0.771,37.680,32.846,49.766,5.903,107.246
2018-03-31,114.099,168.250,21.488,16.684,1.179,19.882,35.754,53.334,5.780,111.822
2018-04-01,110.776,142.128,53.388,21.039,1.096,27.505,39.647,48.375,5.751,108.704
2018-04-02,117.747,141.026,43.534,20.663,0.947,32.534,39.458,38.114,7.368,109.888
2018-04-03,104.370,149.148,49.816,11.984,1.176,30.380,29.145,45.050,3.117,106.893
2018-04-04,107.345,165.345,27.355,10.926,1.017,35.341,34.979,70.937,4.708,108.747
2018-04-05,106.801,139.734,49.957,21.480,0.649,19.371,39.433,53.156,5.146,105.312
2018-04-06,98.192,126.562,57.852,20.677,1.068,41.563,43.639,67.953,7.846,98.635
2018-04-07,112.222,150.317,29.433,17.871,0.859,33.676,37.062,62.178,2.843,107.093
2018-04-08,111.886,160.281,46.171,11.714,1.269,39.518,33.829,62.943,7.672,113.262
2018-04-09,109.774,166.692,40.009,22.357,1.003,36.120,31.884,44.913,1.616,112.896
2018-04-10,107.784,149.972,27.645,26.359,1.533,29.919,41.543,61.293,6.230,104.412
2018-04-11,98.255,150.394,43.943,21.390,1.681,21.011,37.046,31.416,5.247,103.035
2018-04-12,106.123,165.941,46.669,15.763,1.404,26.055,32.285,55.905,6.627,112.178
2018-04-13,106.647,135.589,35.191,20.223,0.735,41.127,34.187,64.357,0.715,101.038
2018-04-14,102.862,150.275,49.327,13.169,1.652,39.698,35.691,40.920,1.086,106.379
2018-04-15,107.873,155.928,26.666,25.290,1.673,25.663,36.353,45.394,1.023,106.048
2018-04-16,112.271,158.370,28.042,20.409,1.206,10.272,31.981,43.172,4.947,109.255
2018-04-17,123.994,148.623,41.093,11.159,1.597,28.511,32.792,34.233,5.022,114.802
2018-04-18,110.158,153.900,40.203,18.497,1.034,27.986,29.628,50.871,7.296,109.290
2018-04-19,110.671,128.496,34.267,22.317,0.640,28.252,37.656,88.738,4.007,100.738
2018-04-20,107.855,146.610,46.477,18.335,0.972,33.700,33.459,51.233,1.010,107.206
2018-04-21,92.933,157.532,44.247,18.621,1.719,36.133,35.827,57.632,2.071,102.575
2018-04-22,107.894,142.968,46.865,13.878,0.753,36.932,38.636,69.185,0.561,106.211
2018-04-23,108.404,153.165,39.015,22.833,1.200,33.120,34.967,68.910,6.325,107.954
2018-04-24,127.435,156.819,44.821,16.758,1.210,17.395,33.904,86.994,6.617,119.727
2018-04-25,105.989,148.690,36.435,9.218,1.046,27.612,34.758,81.454,7.985,104.888
2018-04-26,109.731,153.576,56.431,18.144,1.067,46.129,34.296,77.637,3.591,112.224
2018-04-27,106.823,141.990,33.500,24.906,1.222,32.620,37.772,87.098,0.645,102.708
2018-04-28,97.526,149.288,56.842,18.065,1.031,32.575,34.891,43.846,2.260,104.918
2018-04-29,115.784,157.184,40.279,28.690,0.773,32.516,32.247,67.023,4.908,113.103
2018-04-30,112.416,152.370,28.996,22.145,1.265,32.908,36.944,83.232,7.715,107.718
2018-05-01,112.479,144.644,50.945,21.694,1.522,13.318,37.409,67.448,1.277,109.822
2018-05-02,98.619,152.452,41.007,19.358,1.461,28.323,29.616,88.645,1.412,103.247
2018-05-03,116.852,157.047,46.809,19.659,0.957,29.735,38.142,36.021,5.763,114.902
2018-05-04,94.143,129.084,49.791,18.683,0.825,38.970,34.547,56.360,5.504,95.755
2018-05-05,109.773,160.848,42.704,18.489,1.115,30.334,34.209,88.642,2.379,111.681
2018-05-06,122.314,145.560,35.262,22.654,1.670,18.474,36.283,52.774,6.599,111.878
2018-05-07,96.572,152.834,47.806,15.321,1.394,33.011,31.464,74.373,1.466,103.697
2018-05-08,99.664,160.199,40.006,14.621,1.411,24.373,35.927,31.824,7.443,105.893
2018-05-09,104.683,134.150,45.487,14.384,1.467,21.483,31.832,71.690,2.008,101.684
2018-05-10,99.542,140.403,22.770,30.228,1.326,24.161,28.432,86.078,1.110,96.446
2018-05-11,90.841,144.235,43.576,22.652,1.236,33.798,29.756,52.962,3.046,97.406
2018-05-12,103.465,138.899,34.891,21.522,1.399,38.811,34.340,31.278,1.909,100.380
2018-05-13,94.082,163.693,53.226,14.712,1.036,33.381,29.690,31.675,4.452,106.794
2018-05-14,106.025,137.375,44.985,23.117,0.776,34.424,37.242,83.521,5.651,103.222
2018-05-15,94.531,139.979,41.919,19.417,1.417,33.311,35.863,73.351,4.182,97.643
2018-05-16,113.930,147.163,43.890,21.071,1.571,30.709,36.177,36.401,5.455,109.892
2018-05-17,94.901,132.674,32.012,15.117,0.865,34.879,32.430,33.275,3.237,93.655
2018-05-18,98.222,140.308,52.986,20.801,1.447,13.069,32.706,78.290,0.709,101.801
2018-05-19,106.931,147.002,55.931,17.881,1.704,30.778,28.227,78.592,7.805,108.752
2018-05-20,90.195,140.054,43.143,16.172,1.199,22.686,34.668,37.231,6.646,95.742
2018-05-21,101.474,141.997,52.723,23.671,0.955,38.140,32.691,48.091,1.051,103.881
2018-05-22,109.719,137.179,35.447,12.311,1.237,28.970,33.122,76.802,3.869,103.102
2018-05-23,86.003,126.862,33.623,22.824,1.035,30.217,36.353,61.525,5.263,87.785
2018-05-24,99.936,144.751,40.327,23.422,1.015,19.464,29.335,87.395,1.929,101.459
2018-05-25,100.128,158.606,43.480,15.602,1.330,37.118,30.638,58.864,4.835,106.342
2018-05-26,103.888,140.757,36.848,15.898,0.719,34.391,31.858,70.617,4.502,101.541
2018-05-27,87.318,142.335,44.302,18.885,0.767,33.899,27.931,60.587,2.062,95.220
2018-05-28,86.224,146.513,42.451,21.410,1.206,24.309,30.033,86.578,1.559,95.556
2018-05-29,100.533,126.390,32.014,19.236,1.193,24.585,31.931,53.920,6.192,94.586
2018-05-30,98.298,155.601,44.150,22.168,1.303,31.565,29.331,43.788,2.919,104.659
2018-05-31,97.486,140.085,46.908,28.815,1.763,25.139,34.088,49.598,2.330,100.150
2018-06-01,97.809,153.862,41.372,17.461,1.231,33.044,25.480,81.167,6.034,103.337
2018-06-02,89.148,129.689,49.221,11.424,1.379,14.874,33.231,59.876,6.021,93.325
2018-06-03,95.993,154.671,30.261,24.130,0.907,26.587,31.695,51.255,2.573,100.450
2018-06-04,96.022,143.708,43.744,28.417,1.430,42.577,27.853,62.656,7.044,99.872
2018-06-05,87.501,140.949,30.638,21.964,1.042,33.076,26.632,37.994,5.662,92.162
2018-06-06,107.676,137.215,31.087,14.561,1.221,31.168,23.009,30.322,3.093,101.220
2018-06-07,96.071,131.842,34.953,19.381,1.167,43.897,26.708,46.835,3.706,94.579
2018-06-08,82.277,145.781,32.464,14.407,1.510,13.648,32.077,66.300,5.950,91.366
2018-06-09,96.584,134.623,35.616,23.214,0.807,24.293,28.609,72.701,2.087,95.802
2018-06-10,83.054,112.989,38.287,13.244,0.515,27.192,32.106,79.597,4.016,83.081
2018-06-11,96.665,120.925,46.697,18.499,1.136,36.008,26.597,85.600,5.402,93.949
2018-06-12,99.151,129.671,37.431,14.978,1.341,36.130,30.415,54.727,4.546,95.963
2018-06-13,82.828,134.059,27.315,20.634,1.246,23.938,25.979,74.431,5.062,87.094
2018-06-14,96.608,129.819,49.121,18.168,1.570,36.986,25.070,34.480,4.597,97.074
2018-06-15,91.709,141.998,33.303,20.884,1.331,27.177,27.481,33.452,1.994,95.115
2018-06-16,94.486,109.717,39.530,20.112,1.031,38.481,25.642,37.488,3.577,88.064
2018-06-17,102.585,130.082,43.572,15.067,0.502,22.772,22.842,56.914,4.490,99.031
2018-06-18,84.946,109.881,41.597,23.134,1.129,29.137,26.756,42.677,6.350,83.757
2018-06-19,80.376,135.070,48.753,19.756,1.508,26.569,27.455,47.215,5.404,90.460
2018-06-20,78.784,125.939,43.832,15.057,1.082,37.392,30.772,68.873,3.699,85.940
2018-06-21,78.867,130.488,33.110,31.205,1.208,26.341,29.608,51.511,7.808,85.202
2018-06-22,84.267,117.059,57.428,22.382,1.326,29.703,30.288,63.442,1.308,88.737
2018-06-23,87.103,137.898,41.555,19.234,0.895,33.548,28.619,54.744,2.051,93.232
2018-06-24,86.076,134.923,38.821,27.076,1.387,33.817,27.285,40.138,3.060,91.279
2018-06-25,89.967,129.744,47.711,29.209,1.691,36.209,22.430,34.441,2.214,93.449
2018-06-26,82.940,122.014,41.996,19.273,1.148,31.478,26.395,44.174,5.191,86.473
2018-06-27,93.950,128.507,43.194,21.737,0.861,27.072,27.564,33.462,0.797,94.166
2018-06-28,79.689,115.039,59.937,15.060,1.180,27.552,29.974,67.117,1.831,86.344
2018-06-29,103.052,130.061,37.799,19.264,0.533,30.180,27.489,77.743,2.700,98.104
2018-06-30,85.780,137.398,37.458,19.005,1.301,31.747,28.979,50.384,5.625,91.601
2018-07-01,73.401,131.007,40.933,20.924,1.336,28.970,21.990,53.227,7.069,84.189
2018-07-02,71.175,112.403,48.572,21.664,1.703,30.134,23.935,78.971,6.489,79.023
2018-07-03,83.085,122.711,27.948,22.799,1.142,19.379,26.030,43.357,1.866,83.945
2018-07-04,76.922,105.563,24.276,21.188,1.323,34.671,28.053,37.150,4.741,74.985
2018-07-05,83.906,123.616,35.303,13.946,0.942,31.268,23.962,60.067,0.725,86.098
2018-07-06,81.464,121.798,26.929,15.308,1.093,37.013,23.979,68.771,2.829,82.657
2018-07-07,76.581,97.993,36.601,17.268,0.742,30.001,26.116,65.979,6.545,75.009
2018-07-08,69.876,104.474,44.020,18.589,1.142,17.831,20.506,72.832,3.925,75.084
2018-07-09,64.019,112.662,32.874,25.254,1.108,27.491,28.535,33.405,1.625,72.383
2018-07-10,72.054,111.888,28.585,14.185,1.290,28.600,20.905,55.692,3.789,75.311
2018-07-11,81.967,102.207,40.555,18.213,1.013,35.200,17.616,44.314,1.985,79.757
2018-07-12,76.320,117.598,46.900,24.765,1.225,15.508,23.233,75.547,3.449,82.819
2018-07-13,64.134,115.631,26.440,18.501,1.100,30.288,28.129,82.364,4.159,72.044
2018-07-14,74.980,110.584,46.562,22.302,1.101,33.596,24.624,46.880,3.122,79.978
2018-07-15,76.173,104.381,46.538,19.302,1.224,25.370,24.950,35.713,7.527,78.709
2018-07-16,65.518,121.841,47.633,21.284,1.212,30.522,22.654,45.206,4.719,78.838
2018-07-17,73.320,127.326,49.748,18.858,1.428,25.611,21.906,36.241,6.822,84.807
2018-07-18,72.059,105.356,57.616,23.335,1.164,24.893,17.563,49.345,6.205,79.159
2018-07-19,61.955,103.493,37.151,12.275,1.095,27.141,15.255,62.292,5.459,69.456
2018-07-20,73.469,113.953,40.877,18.183,1.146,25.025,22.458,88.421,4.227,79.096
2018-07-21,74.604,104.890,36.668,21.483,0.986,34.785,25.644,53.962,0.516,76.103
2018-07-22,78.296,106.510,40.016,22.668,1.092,24.855,22.576,43.202,5.101,79.104
2018-07-23,77.579,114.737,52.263,27.465,1.809,23.680,23.254,40.008,3.170,83.663
2018-07-24,57.647,87.687,29.240,18.045,0.926,42.376,25.974,40.382,1.383,60.978
2018-07-25,60.690,119.407,33.112,27.397,1.116,36.725,22.050,41.556,3.835,72.789
2018-07-26,71.840,106.399,51.017,16.705,1.084,16.969,20.538,75.736,6.017,78.043
2018-07-27,71.360,101.010,48.160,26.643,1.126,24.647,18.294,33.662,7.713,75.615
2018-07-28,70.905,103.690,37.095,24.087,1.101,31.697,26.661,89.844,3.306,73.978
2018-07-29,97.145,103.668,46.835,15.433,1.284,32.266,22.021,61.361,4.570,89.040
2018-07-30,70.432,86.197,42.730,21.535,0.687,19.567,17.458,62.656,6.884,69.621
2018-07-31,74.496,117.930,52.002,19.744,1.511,38.110,16.624,51.454,3.005,83.028
2018-08-01,72.595,102.870,40.596,23.128,1.390,35.777,23.747,71.415,1.567,75.278
2018-08-02,69.729,106.368,48.205,18.884,0.827,33.373,16.727,58.287,2.614,76.416
2018-08-03,61.556,110.940,61.136,18.464,0.519,39.497,25.254,49.744,7.243,76.287
2018-08-04,69.715,90.705,44.785,26.845,0.907,33.166,11.278,45.908,1.695,71.026
2018-08-05,57.030,105.149,40.395,19.506,1.127,33.140,23.672,85.539,2.969,68.139
2018-08-06,60.892,97.242,45.780,24.132,1.974,40.904,20.723,47.459,3.985,68.775
2018-08-07,58.484,107.895,37.078,18.873,1.363,37.709,19.478,56.184,6.853,69.026
2018-08-08,62.606,77.671,59.104,28.333,0.658,24.109,18.457,51.020,7.533,66.425
2018-08-09,80.059,97.474,41.441,16.608,0.993,34.432,24.519,35.171,3.694,77.560
2018-08-10,46.199,91.965,37.817,16.929,1.184,25.350,20.834,41.156,7.490,58.252
2018-08-11,66.228,101.851,33.314,27.623,1.276,33.529,15.870,41.370,1.711,70.332
2018-08-12,47.444,101.770,48.778,17.775,0.806,33.336,13.292,71.619,1.676,64.008
2018-08-13,56.183,89.542,46.937,28.005,1.160,20.316,18.851,54.395,7.619,64.341
2018-08-14,68.288,89.051,36.021,24.459,0.985,29.147,18.189,76.918,4.323,68.064
2018-08-15,59.716,94.629,44.612,19.227,0.869,31.857,13.508,72.537,1.894,67.169
2018-08-16,50.211,86.338,27.932,10.934,1.278,26.946,17.778,41.523,4.160,56.593
2018-08-17,52.747,103.301,41.480,19.903,1.432,32.203,16.101,63.775,6.374,65.660
2018-08-18,63.550,90.773,43.622,20.508,1.452,35.641,17.732,74.575,6.702,67.731
2018-08-19,51.920,64.987,53.659,25.836,1.372,29.786,19.766,67.983,6.980,56.188
2018-08-20,59.152,89.908,33.833,27.942,1.051,31.572,21.951,66.001,4.772,63.315
2018-08-21,57.448,82.878,29.773,16.575,1.414,39.684,20.088,74.377,7.002,59.542
2018-08-22,51.541,76.566,32.837,24.006,1.293,33.312,15.087,33.407,4.325,55.308
2018-08-23,73.582,80.128,29.307,23.827,1.240,31.406,18.250,73.885,5.053,66.691
2018-08-24,61.186,93.228,50.693,25.367,1.016,23.293,17.227,46.359,6.190,68.700
2018-08-25,39.604,105.060,52.389,22.493,1.051,34.697,12.939,64.312,3.691,61.798
2018-08-26,56.995,94.553,42.562,10.288,1.222,32.311,18.029,44.538,1.052,65.376
2018-08-27,49.915,85.013,49.770,19.223,1.932,38.986,22.306,80.329,3.126,60.415
2018-08-28,61.742,95.302,41.072,14.221,1.290,30.328,16.738,58.834,5.180,67.676
2018-08-29,48.302,85.825,39.239,18.987,1.017,17.286,11.765,68.576,1.942,57.747
2018-08-30,53.452,83.153,37.336,24.900,0.950,18.099,16.548,77.645,1.613,59.139
2018-08-31,58.146,78.246,37.517,21.526,1.052,35.150,12.727,83.719,2.698,60.050
2018-09-01,60.775,71.972,27.618,25.740,1.853,26.009,18.874,73.924,0.741,57.503
2018-09-02,43.997,85.300,42.114,21.709,1.080,33.057,17.774,38.926,6.076,56.012
2018-09-03,50.682,90.499,39.677,13.508,1.472,30.800,15.607,81.272,2.440,60.426
2018-09-04,49.325,87.679,45.963,7.396,1.087,28.832,15.048,67.115,1.432,60.159
2018-09-05,47.673,84.223,40.748,20.744,1.278,29.325,15.330,66.567,5.743,57.253
2018-09-06,66.805,78.671,38.698,18.930,1.438,23.942,15.919,85.280,6.822,64.744
2018-09-07,55.712,93.967,33.030,15.115,1.028,29.890,13.507,44.930,0.649,62.652
2018-09-08,42.184,74.479,40.577,11.497,1.008,25.909,11.594,44.375,2.252,51.551
2018-09-09,59.421,95.185,45.906,16.326,1.698,27.394,19.109,60.792,7.589,67.447
2018-09-10,68.871,77.187,30.853,19.028,1.495,27.734,14.475,75.052,3.389,63.762
2018-09-11,59.977,79.479,40.700,23.329,1.437,28.413,16.074,56.834,7.539,61.972
2018-09-12,39.394,72.139,41.864,20.943,1.436,36.455,16.372,68.033,2.557,49.712
2018-09-13,47.516,81.607,34.255,28.040,1.338,29.091,16.429,57.151,2.136,55.091
2018-09-14,61.374,96.198,35.297,14.822,1.805,37.166,11.891,66.623,2.106,66.606
2018-09-15,45.435,91.435,41.845,24.405,1.213,40.765,10.338,79.336,1.139,58.517
2018-09-16,54.512,95.906,30.933,20.236,1.373,35.985,13.555,40.829,7.223,62.215
2018-09-17,57.034,91.197,42.799,23.473,0.765,33.741,16.466,71.723,7.849,64.436
2018-09-18,43.304,74.803,32.837,17.817,0.953,32.288,13.056,77.246,7.659,50.660
2018-09-19,50.135,82.406,48.503,25.358,0.840,36.058,14.139,56.827,6.890,59.490
2018-09-20,24.582,77.796,58.703,21.476,1.582,30.626,21.553,49.394,6.852,47.370
2018-09-21,42.226,98.798,33.114,16.603,0.434,36.892,9.604,30.813,5.458,57.375
2018-09-22,48.319,73.428,44.274,19.940,1.079,34.299,12.848,77.826,6.697,55.043
2018-09-23,40.284,94.248,34.186,18.802,0.302,27.481,20.779,49.676,2.063,55.254
2018-09-24,63.262,94.166,48.328,22.446,0.951,36.271,14.934,51.439,3.409,69.546
2018-09-25,38.706,103.468,29.878,14.101,1.053,30.640,12.931,50.160,5.306,56.369
2018-09-26,46.580,81.020,43.845,19.853,1.615,29.257,18.540,59.924,7.061,56.365
2018-09-27,51.108,92.196,33.016,21.977,1.319,26.667,15.187,72.150,5.454,59.816
2018-09-28,61.564,107.856,38.344,20.165,0.950,31.162,13.966,76.312,6.793,70.807
2018-09-29,38.527,78.839,31.752,26.735,1.520,36.975,15.582,53.554,4.055,49.266
2018-09-30,59.308,69.653,46.579,23.870,1.205,36.223,13.027,69.786,5.880,59.865
2018-10-01,50.082,66.200,33.304,19.963,1.211,32.474,11.948,73.241,7.850,51.562
2018-10-02,42.155,92.135,44.416,21.083,0.839,34.198,14.662,47.815,1.651,57.601
2018-10-03,53.719,66.195,37.247,21.478,0.903,38.902,11.975,35.797,7.452,54.168
2018-10-04,51.639,81.332,39.084,22.016,0.952,28.950,15.048,83.680,4.418,58.036
2018-10-05,45.279,89.467,41.182,10.872,1.214,22.192,16.090,70.627,5.324,57.716
2018-10-06,50.681,86.995,33.905,18.492,1.223,39.108,17.600,68.887,7.084,58.220
2018-10-07,47.091,89.457,41.683,12.578,1.663,26.292,18.442,33.534,3.572,58.719
2018-10-08,51.141,87.495,52.243,26.391,1.316,25.168,13.861,79.072,3.640,62.268
2018-10-09,55.599,98.141,33.775,19.696,0.388,17.427,16.599,63.963,4.454,63.997
2018-10-10,63.068,75.920,49.374,19.033,1.279,33.999,16.604,80.873,0.643,64.185
2018-10-11,40.563,78.773,51.985,24.484,0.765,18.650,16.139,88.474,4.225,54.311
2018-10-12,67.625,77.928,33.471,22.112,0.910,24.748,13.749,87.426,2.683,63.885
2018-10-13,35.048,94.077,28.360,14.357,0.956,34.118,12.137,81.365,7.460,51.419
2018-10-14,49.563,94.910,42.416,19.645,1.001,35.053,16.765,30.657,1.158,61.738
2018-10-15,55.605,90.560,35.621,18.324,0.787,25.438,10.179,83.144,3.945,62.094
2018-10-16,53.276,98.034,54.949,11.277,1.261,29.061,14.539,34.504,7.606,67.038
2018-10-17,46.185,74.580,40.278,16.549,0.777,23.892,7.728,81.072,7.258,53.522
2018-10-18,49.648,103.204,33.582,19.082,1.307,26.161,11.428,46.810,5.760,62.502
2018-10-19,47.524,101.945,30.823,19.425,1.871,31.864,12.858,66.604,4.920,60.510
2018-10-20,46.917,94.260,48.719,12.589,0.801,26.488,18.834,32.284,2.605,61.481
2018-10-21,58.601,104.923,35.431,25.758,1.115,28.290,17.666,76.271,3.252,67.864
2018-10-22,54.841,70.749,40.351,19.489,0.443,19.747,14.000,36.702,1.176,56.715
2018-10-23,46.630,82.292,47.646,20.188,1.110,37.931,17.913,54.641,6.396,57.532
2018-10-24,59.568,80.413,36.126,22.003,1.393,33.570,18.453,79.047,2.929,61.133
2018-10-25,55.035,95.220,39.633,16.060,1.416,35.550,15.377,71.721,5.508,64.010
2018-10-26,59.292,77.753,39.867,22.282,1.223,39.033,11.777,30.363,3.182,60.946
2018-10-27,58.048,96.088,45.467,18.165,1.467,24.224,15.380,54.182,3.982,66.944
2018-10-28,46.609,102.486,44.726,15.517,1.964,27.491,15.787,32.516,4.663,62.995
2018-10-29,48.997,96.010,38.239,22.867,1.714,16.736,12.462,70.410,6.514,60.949
2018-10-30,59.702,92.181,40.509,27.458,1.043,51.983,17.342,88.137,2.084,65.607
2018-10-31,58.859,79.760,37.026,23.624,0.765,28.953,17.165,69.316,3.491,60.763
2018-11-01,54.070,81.475,28.179,24.615,1.078,37.271,17.747,43.462,1.476,57.113
2018-11-02,55.444,102.753,42.061,17.397,0.916,21.333,17.339,51.314,1.068,66.960
2018-11-03,65.003,98.372,55.138,12.012,1.335,36.975,18.783,88.599,5.035,73.040
2018-11-04,50.332,90.519,32.930,27.451,0.846,43.003,16.150,43.443,1.918,58.908
2018-11-05,59.732,87.069,33.816,30.273,1.178,29.578,17.391,63.692,0.948,62.750
2018-11-06,54.036,71.338,33.034,27.714,1.451,22.924,15.691,54.027,7.228,55.026
2018-11-07,54.218,81.244,45.797,18.321,1.170,29.028,15.233,76.099,4.507,60.641
2018-11-08,65.062,111.431,43.588,14.227,0.916,14.413,21.105,82.043,1.510,74.678
2018-11-09,63.194,79.885,38.732,14.672,1.552,29.735,11.066,50.450,0.901,63.309
2018-11-10,63.426,94.965,32.656,11.581,0.636,35.747,19.936,69.624,1.399,66.734
2018-11-11,67.695,103.534,40.739,19.463,1.102,29.750,15.555,62.943,4.035,73.055
2018-11-12,57.759,81.307,27.483,28.028,1.188,28.011,15.280,46.707,5.513,58.768
2018-11-13,63.393,96.108,41.147,19.292,1.205,33.693,18.431,46.316,5.310,68.758
2018-11-14,55.809,104.052,46.972,21.512,1.254,34.228,13.295,62.318,1.583,68.514
2018-11-15,61.244,95.217,29.990,26.878,1.383,18.381,15.435,39.240,5.251,65.185
2018-11-16,57.975,124.203,27.740,17.980,1.189,30.622,15.458,78.649,3.536,71.796
2018-11-17,60.164,79.267,52.636,30.178,1.090,47.052,17.465,34.140,3.986,64.389
2018-11-18,64.528,106.982,35.106,29.960,1.078,20.655,15.843,35.674,6.511,71.380
2018-11-19,53.605,95.115,49.088,19.344,1.017,29.402,23.187,50.534,2.994,65.155
2018-11-20,77.280,105.017,38.768,17.112,1.436,43.592,23.905,37.086,1.602,77.899
2018-11-21,52.889,102.173,38.704,23.486,1.006,37.729,12.580,58.542,7.051,64.837
2018-11-22,51.625,90.897,43.507,18.262,1.454,26.406,20.413,53.981,2.091,61.783
2018-11-23,71.011,100.993,32.928,14.217,1.206,31.443,21.491,73.309,2.705,72.389
2018-11-24,68.492,80.606,41.060,26.406,1.044,29.985,20.682,87.180,5.799,66.639
2018-11-25,67.569,105.704,36.948,26.082,1.386,24.763,17.218,75.214,5.627,72.885
2018-11-26,68.026,103.147,29.436,20.778,0.982,29.480,18.601,40.767,6.503,70.844
2018-11-27,63.329,107.051,42.700,13.686,1.391,28.040,17.231,86.131,1.879,72.320
2018-11-28,56.682,111.751,37.894,13.852,1.264,30.789,18.359,53.528,3.142,69.445
2018-11-29,64.904,105.357,38.744,20.536,1.021,24.761,16.136,58.451,1.444,71.808
2018-11-30,59.323,103.677,30.319,17.501,1.359,21.064,19.569,55.295,4.558,66.828
2018-12-01,72.988,93.907,52.731,18.295,1.364,29.711,15.554,46.833,2.694,75.212
2018-12-02,64.462,96.122,47.014,25.110,1.547,42.006,19.612,83.703,5.667,70.470
2018-12-03,59.490,115.643,47.713,23.666,1.490,30.575,16.619,49.934,0.503,73.980
2018-12-04,63.982,118.675,37.556,26.891,1.347,27.679,21.138,64.716,0.948,75.105
2018-12-05,70.320,102.472,26.167,15.047,0.862,35.279,18.634,44.402,3.744,71.135
2018-12-06,62.974,105.858,55.623,18.284,1.935,28.892,21.700,77.843,7.686,74.369
2018-12-07,61.378,96.902,39.511,23.795,0.779,43.076,24.230,76.452,7.181,67.662
2018-12-08,70.380,118.229,34.010,22.240,1.485,29.973,25.912,47.779,7.955,77.461
2018-12-09,70.868,113.714,43.334,27.662,1.329,34.903,13.719,70.893,3.626,78.215
2018-12-10,65.334,127.034,49.337,22.103,0.848,24.718,18.961,72.232,0.849,80.645
2018-12-11,66.106,99.403,39.816,29.241,1.163,33.522,20.716,63.751,2.795,70.837
2018-12-12,72.218,104.975,50.229,22.700,1.176,31.926,23.168,66.036,5.568,77.648
2018-12-13,59.268,111.642,48.664,25.311,1.592,29.604,17.000,64.467,1.514,72.859
2018-12-14,60.086,116.368,31.389,18.382,0.986,26.488,19.169,34.912,2.750,71.231
2018-12-15,66.094,108.325,34.610,20.071,1.121,25.534,22.671,70.216,0.921,72.466
2018-12-16,70.632,102.333,47.660,24.555,0.499,31.976,22.701,58.187,4.062,75.548
2018-12-17,75.327,120.461,18.299,28.065,1.720,34.403,23.746,56.307,2.067,77.462
2018-12-18,85.145,119.444,38.804,23.646,0.879,29.110,24.112,81.600,1.184,86.167
2018-12-19,80.708,103.659,28.553,19.584,1.298,32.011,23.965,31.394,3.584,77.162
2018-12-20,73.074,126.966,36.188,26.887,1.170,29.735,23.699,45.079,3.134,81.864
2018-12-21,74.709,125.707,37.609,9.040,1.171,30.690,23.454,37.284,4.531,82.588
2018-12-22,67.351,115.942,37.134,12.889,1.443,28.597,25.451,32.120,6.118,75.885
2018-12-23,75.734,115.991,35.582,23.408,1.701,30.126,16.909,46.541,1.344,79.781
2018-12-24,74.084,121.333,31.223,20.071,1.275,48.886,28.431,89.309,6.433,79.687
2018-12-25,79.489,107.774,58.335,23.028,1.397,32.181,17.356,46.214,0.697,83.744
2018-12-26,70.803,117.292,54.940,20.322,1.299,34.517,20.903,69.822,3.823,81.577
2018-12-27,82.091,96.068,30.703,22.855,1.505,33.066,23.632,37.098,4.906,76.006
2018-12-28,90.713,126.958,52.657,15.928,1.061,28.160,26.502,66.111,7.677,93.975
2018-12-29,78.097,103.180,36.804,22.852,1.523,39.058,15.670,89.069,4.804,77.364
2018-12-30,82.697,134.432,41.033,24.972,1.533,27.962,24.743,47.510,1.691,89.885
2018-12-31,85.521,116.699,39.494,26.103,1.525,37.385,27.377,80.885,4.382,85.669
2019-01-01,77.307,118.486,34.722,30.068,1.002,27.661,28.156,89.854,3.468,81.143
2019-01-02,82.825,114.927,47.871,21.220,1.149,23.280,23.252,65.313,4.095,85.465
2019-01-03,81.649,118.926,41.007,21.370,1.272,32.558,24.614,48.564,1.978,84.704
2019-01-04,82.845,136.593,36.188,12.384,0.789,22.267,23.840,70.412,4.256,89.638
2019-01-05,76.395,98.131,29.563,17.343,1.678,33.749,24.682,80.691,1.625,73.549
2019-01-06,83.289,136.378,32.851,19.035,1.196,21.641,22.936,40.281,6.080,89.128
2019-01-07,87.590,127.588,26.869,25.252,1.285,27.767,23.534,57.151,4.954,87.445
2019-01-08,95.728,112.735,40.098,16.945,1.027,19.978,27.676,49.151,1.089,89.704
2019-01-09,92.303,114.648,30.427,23.982,0.802,49.769,26.938,47.002,7.172,86.631
2019-01-10,102.364,142.759,37.876,19.992,1.019,18.422,28.188,81.649,5.123,101.585
2019-01-11,79.508,117.133,50.961,19.114,1.266,30.069,27.524,55.299,2.871,85.086
2019-01-12,93.132,115.645,49.594,21.244,1.402,38.003,29.164,50.345,0.842,91.178
2019-01-13,88.124,139.140,39.742,18.044,1.249,37.255,29.854,66.211,5.242,93.753
2019-01-14,104.679,131.739,39.303,17.855,1.304,35.959,22.162,43.164,3.301,99.722
2019-01-15,81.194,119.558,55.039,11.476,1.099,27.779,24.991,43.794,7.307,87.472
2019-01-16,81.441,131.685,44.166,18.760,1.349,39.458,27.025,61.217,0.762,89.059
2019-01-17,83.859,119.839,37.378,17.600,1.645,36.394,27.817,54.556,0.793,85.357
2019-01-18,72.156,141.680,28.592,17.420,1.411,31.486,26.039,47.699,7.620,84.301
2019-01-19,85.432,141.858,43.151,22.084,1.443,31.684,30.949,33.237,7.737,93.904
2019-01-20,84.053,137.133,46.635,23.293,1.288,27.873,34.315,61.246,0.708,92.493
2019-01-21,91.813,135.995,34.947,21.161,0.749,23.632,29.095,78.997,5.870,93.695
2019-01-22,93.826,150.552,42.330,24.977,0.887,38.660,28.950,81.083,2.161,100.544
2019-01-23,106.579,133.495,37.091,22.878,1.336,39.185,31.405,44.126,5.760,100.756
2019-01-24,99.648,122.233,38.528,18.525,1.197,23.811,23.417,65.978,7.015,94.200
2019-01-25,87.901,139.097,20.097,17.686,1.332,28.924,29.257,81.353,1.256,89.699
2019-01-26,85.796,156.008,38.226,21.564,1.703,28.996,32.265,54.524,2.291,97.345
2019-01-27,97.382,125.540,47.755,22.869,1.418,29.771,27.553,85.928,0.681,95.904
2019-01-28,83.345,132.610,34.949,26.989,1.578,30.450,25.956,84.179,0.829,88.445
2019-01-29,109.014,140.920,40.420,25.956,1.228,36.628,29.230,42.488,0.722,104.867
2019-01-30,104.249,136.743,33.952,17.293,0.958,24.769,29.756,45.538,6.505,99.938
2019-01-31,91.507,127.980,42.884,19.490,1.183,24.076,27.361,40.827,2.737,92.724
2019-02-01,81.997,149.538,38.268,23.355,0.959,38.656,36.523,41.763,4.199,93.514
2019-02-02,106.971,162.031,32.486,25.340,1.667,26.761,28.944,84.472,6.409,108.592
2019-02-03,95.657,141.297,50.660,24.695,1.437,21.159,27.063,85.868,4.212,100.349
2019-02-04,106.904,130.794,47.431,19.681,1.356,26.604,30.386,33.114,3.719,102.176
2019-02-05,84.669,124.838,35.161,13.730,1.571,27.690,33.532,65.616,0.587,86.818
2019-02-06,93.047,143.395,43.982,15.005,0.594,40.885,31.000,63.854,4.760,98.338
2019-02-07,98.296,152.335,44.299,21.363,1.376,36.474,32.542,53.433,1.436,103.709
2019-02-08,99.037,146.523,45.138,21.711,0.807,38.033,28.606,67.902,6.235,102.503
2019-02-09,95.462,142.216,26.446,14.507,1.198,35.740,35.817,86.842,2.433,95.685
2019-02-10,104.442,136.809,48.053,20.223,1.106,36.624,33.171,40.215,5.556,102.874
2019-02-11,91.308,132.236,35.442,23.156,1.399,25.183,34.759,37.225,5.347,92.413
2019-02-12,99.094,151.953,37.137,14.244,1.268,28.610,32.840,32.003,5.125,102.561
2019-02-13,101.574,153.185,61.103,25.525,1.604,23.071,34.345,51.830,2.502,108.963
2019-02-14,105.099,129.024,42.415,18.112,1.019,28.527,29.375,50.258,2.503,99.740
2019-02-15,107.043,160.806,36.909,26.288,1.413,34.789,30.642,55.849,6.973,109.145
2019-02-16,92.712,151.068,22.358,17.333,1.249,30.942,36.276,60.199,0.596,96.148
2019-02-17,89.790,159.736,51.118,14.867,0.709,39.180,37.033,75.469,1.861,103.039
2019-02-18,112.631,132.723,29.238,17.709,0.924,22.010,29.029,53.527,5.076,101.980
2019-02-19,105.408,132.882,31.972,19.524,1.155,33.502,33.332,49.837,6.628,98.963
2019-02-20,97.095,145.440,37.349,18.058,1.534,21.262,31.401,79.613,3.188,99.649
2019-02-21,115.818,152.338,51.331,18.920,1.339,30.659,30.712,80.988,5.401,113.877
2019-02-22,104.654,165.647,46.186,21.670,0.850,35.182,33.764,43.966,4.679,111.258
2019-02-23,113.475,155.108,38.737,19.144,1.158,28.498,36.436,48.880,0.984,111.018
2019-02-24,104.886,145.977,42.466,19.669,1.805,33.858,34.470,79.507,5.163,104.730
2019-02-25,121.130,138.488,35.197,11.454,1.233,23.282,32.256,34.764,6.604,109.151
2019-02-26,118.978,161.391,41.117,21.958,1.102,18.354,34.856,49.551,7.943,116.130
2019-02-27,103.227,139.775,40.587,19.554,1.348,33.899,32.326,56.901,0.722,101.663
2019-02-28,113.267,166.028,47.750,28.051,1.429,42.208,34.735,41.224,5.450,115.992
2019-03-01,110.926,147.213,47.737,15.302,1.063,23.028,37.777,40.795,3.609,109.174
2019-03-02,116.973,166.267,43.952,10.959,1.351,38.555,27.443,55.492,0.573,117.157
2019-03-03,98.557,157.446,37.101,23.090,1.101,30.304,36.151,75.271,5.108,103.933
2019-03-04,112.010,149.572,45.935,21.733,1.416,20.650,29.224,80.414,1.418,110.064
2019-03-05,115.227,146.025,39.264,14.958,1.251,22.079,37.605,88.754,3.339,109.274
2019-03-06,92.919,148.078,31.345,12.351,1.345,30.110,32.085,34.439,2.460,97.152
2019-03-07,97.744,156.029,36.774,27.687,0.972,27.169,30.417,43.001,3.209,103.036
2019-03-08,91.110,152.766,40.676,27.071,0.954,20.810,36.227,75.398,4.195,99.520
2019-03-09,105.474,146.296,47.282,7.563,1.484,18.142,35.302,62.436,3.194,106.082
2019-03-10,113.567,150.808,38.532,17.709,1.176,24.073,31.278,49.661,4.645,109.732
2019-03-11,120.034,153.470,30.326,28.321,1.286,31.357,30.579,42.335,2.290,112.123
2019-03-12,108.788,131.608,40.454,17.620,1.108,29.955,33.836,46.829,5.265,101.967
2019-03-13,121.397,157.678,40.908,17.547,1.470,26.491,30.844,55.757,6.903,116.183
2019-03-14,97.491,143.490,41.487,18.586,1.018,31.413,31.326,40.629,2.181,100.090
2019-03-15,95.060,141.935,47.359,14.396,1.159,37.280,34.909,87.854,4.309,99.582
2019-03-16,108.390,136.766,48.151,11.476,1.436,32.759,31.714,36.455,5.365,104.855
2019-03-17,112.045,135.862,35.246,25.263,1.552,29.151,35.937,89.135,4.735,103.830
2019-03-18,108.840,140.398,35.071,10.785,1.043,36.497,39.171,80.514,3.242,103.554
2019-03-19,92.683,147.003,31.678,21.236,1.788,23.281,34.295,55.389,5.316,96.778
2019-03-20,108.622,173.757,45.591,24.433,1.294,28.426,35.169,74.389,0.712,115.557
2019-03-21,99.003,149.087,51.591,12.744,0.887,28.592,40.867,70.291,3.274,104.546
2019-03-22,114.892,156.234,37.479,15.379,1.311,21.341,31.282,42.797,4.495,111.812
2019-03-23,112.553,158.562,38.069,26.066,1.085,27.061,38.447,50.344,0.655,111.459
2019-03-24,102.179,155.958,51.734,22.664,1.330,15.475,38.112,60.787,4.307,108.224
2019-03-25,105.656,153.953,44.044,16.914,1.187,43.385,37.485,68.271,5.407,107.823
2019-03-26,101.353,142.845,43.490,26.011,1.222,23.438,38.817,62.574,6.194,102.228
2019-03-27,109.376,169.366,30.473,26.033,0.927,41.103,35.801,58.379,1.350,111.593
2019-03-28,117.561,172.978,45.430,21.345,1.497,30.267,33.224,56.589,7.929,119.760
2019-03-29,102.067,138.119,32.567,15.499,0.853,33.954,38.268,59.896,5.046,98.983
2019-03-30,114.010,144.733,30.928,17.933,0.867,26.578,38.391,56.061,3.224,106.611
2019-03-31,105.751,152.194,37.226,21.432,1.310,31.456,38.314,62.480,2.368,105.979
2019-04-01,103.657,145.354,35.314,19.057,1.681,34.553,35.133,83.279,4.797,102.497
2019-04-02,109.141,160.057,38.227,24.695,1.094,34.652,32.851,67.970,7.113,110.233
2019-04-03,101.704,147.701,28.472,12.351,1.410,35.423,35.570,73.357,4.404,100.857
2019-04-04,105.537,176.611,47.671,12.529,1.522,27.422,37.815,65.849,5.461,115.286
2019-04-05,100.354,166.833,49.021,20.904,1.444,26.637,38.052,68.581,3.183,110.031
2019-04-06,125.618,157.009,24.421,17.542,1.107,18.841,33.678,64.701,3.411,114.796
2019-04-07,110.135,165.099,47.828,16.865,0.873,33.663,35.897,31.612,2.646,114.163
2019-04-08,104.200,165.823,33.516,11.160,0.538,37.577,31.006,89.976,5.792,108.550
2019-04-09,111.445,149.050,46.856,20.098,1.121,41.312,37.866,32.017,3.194,109.809
2019-04-10,108.762,146.442,39.452,19.736,1.553,32.136,32.537,53.709,1.930,106.204
2019-04-11,107.811,155.290,40.230,23.267,0.863,24.635,37.215,36.307,3.271,108.538
2019-04-12,114.401,163.019,38.519,20.345,1.410,18.120,31.381,35.816,6.904,113.810
2019-04-13,115.448,155.677,49.697,19.337,0.915,37.292,37.890,77.612,6.037,114.367
2019-04-14,105.036,138.390,30.083,25.885,1.232,17.426,35.726,55.556,3.010,100.052
2019-04-15,104.557,145.996,44.863,13.438,1.412,27.616,32.377,78.068,7.301,105.050
2019-04-16,106.838,153.138,48.811,22.682,1.002,28.430,36.753,46.367,1.061,109.122
2019-04-17,90.489,152.965,45.731,11.644,1.251,29.514,32.864,45.388,0.873,100.280
2019-04-18,96.640,173.281,58.598,15.808,1.075,30.251,36.836,45.074,1.456,112.024
2019-04-19,119.545,139.519,35.768,13.937,1.412,30.967,33.714,66.969,1.373,108.782
2019-04-20,121.611,158.249,47.658,23.910,1.271,13.092,29.320,78.900,1.159,117.812
2019-04-21,106.291,167.888,39.151,19.673,1.217,30.103,31.480,57.136,5.460,111.342
2019-04-22,112.719,175.505,49.867,19.932,1.668,14.393,33.078,52.755,5.006,118.985
2019-04-23,110.412,148.531,39.938,14.466,1.399,35.126,38.412,88.415,5.357,107.753
2019-04-24,132.360,157.264,36.897,18.502,0.993,26.114,36.946,37.005,5.663,120.739
2019-04-25,116.484,157.813,50.449,16.183,1.174,14.901,39.047,59.198,6.177,115.676
2019-04-26,106.295,153.826,36.068,21.917,1.177,24.301,39.067,54.509,2.054,106.509
2019-04-27,99.456,150.629,28.698,15.045,1.224,26.009,32.429,35.888,5.167,100.657
2019-04-28,94.024,155.714,35.865,26.649,1.957,38.335,33.393,46.092,4.850,100.899
2019-04-29,108.269,125.760,44.952,11.622,1.311,31.376,32.647,31.706,7.577,100.853
2019-04-30,100.350,157.621,51.136,15.967,0.589,32.411,31.786,82.617,2.243,107.688
2019-05-01,94.773,151.772,40.889,28.386,1.037,38.269,28.193,66.471,0.940,101.096
2019-05-02,100.722,147.985,50.546,17.824,0.620,29.327,33.587,78.901,5.401,104.866
2019-05-03,96.977,170.370,29.135,13.426,1.101,35.279,29.687,61.293,6.051,105.427
2019-05-04,118.855,142.834,36.454,21.095,0.604,34.787,33.350,65.971,2.624,109.568
2019-05-05,112.131,145.227,37.691,17.623,0.939,20.995,39.707,72.051,4.781,107.172
2019-05-06,104.727,168.838,39.084,15.821,0.744,40.311,31.736,84.481,0.947,110.832
2019-05-07,116.336,140.258,40.673,14.521,1.315,20.058,33.750,35.505,7.700,108.380
2019-05-08,104.813,142.726,45.527,33.842,1.200,36.422,35.785,49.857,1.324,104.330
2019-05-09,96.995,146.396,36.442,18.742,1.291,19.380,33.803,72.542,1.007,99.705
2019-05-10,115.754,155.905,41.112,10.372,1.169,34.209,33.734,87.501,0.831,112.871
2019-05-11,107.558,149.199,39.639,27.469,0.782,43.033,31.662,88.848,3.705,106.466
2019-05-12,94.619,133.810,32.593,23.055,1.354,28.509,31.943,68.286,1.229,93.971
2019-05-13,101.057,141.022,39.091,16.168,1.777,28.206,29.647,41.616,6.085,100.653
2019-05-14,95.232,139.869,38.851,15.334,1.323,34.273,34.950,37.153,7.242,97.347
2019-05-15,90.824,144.762,38.679,23.367,1.072,27.694,27.071,86.763,2.452,96.577
2019-05-16,108.940,149.377,40.254,18.765,0.772,42.728,35.090,56.036,5.216,107.334
2019-05-17,116.443,148.877,40.605,10.370,0.928,31.345,27.845,41.689,0.818,111.006
2019-05-18,89.610,126.505,36.542,28.936,1.336,27.759,34.821,86.034,3.399,90.065
2019-05-19,104.927,154.466,50.182,17.830,1.522,26.218,30.746,36.271,2.697,108.840
2019-05-20,94.837,145.908,30.644,27.478,1.278,23.469,27.985,73.774,2.215,97.320
2019-05-21,95.758,156.776,34.232,26.392,1.440,25.606,33.289,67.516,5.335,101.758
2019-05-22,94.522,146.914,62.240,14.995,1.412,27.545,34.207,35.264,1.477,103.783
2019-05-23,91.951,153.020,31.696,25.166,1.352,26.587,29.973,50.325,6.955,98.221
2019-05-24,98.847,146.200,29.170,16.743,1.002,25.393,33.315,38.996,5.486,99.117
2019-05-25,91.401,154.519,45.876,10.666,1.252,44.692,24.161,66.270,5.831,101.231
2019-05-26,99.797,145.795,23.383,17.877,0.945,22.789,26.916,58.627,7.515,98.314
2019-05-27,96.811,139.103,38.118,21.988,1.205,31.026,34.615,30.257,7.568,97.760
2019-05-28,94.876,162.310,57.167,17.686,1.299,34.148,29.925,88.543,4.637,107.564
2019-05-29,89.097,147.974,27.641,18.465,1.704,34.411,24.866,50.975,4.215,94.469
2019-05-30,91.308,144.313,24.144,25.718,0.807,29.590,28.211,45.492,3.015,93.777
2019-05-31,101.525,125.299,28.007,20.532,1.344,28.315,27.390,43.347,5.867,93.954
2019-06-01,99.045,124.660,47.187,15.784,1.644,33.161,29.515,39.529,4.537,96.358
2019-06-02,86.768,139.947,48.998,23.510,1.428,31.866,28.750,89.948,7.497,95.168
2019-06-03,94.929,137.946,35.899,20.988,1.450,28.187,30.248,47.707,2.290,96.028
2019-06-04,99.688,129.816,45.466,7.392,1.376,19.067,29.351,54.331,2.827,97.882
2019-06-05,79.860,136.828,51.122,22.142,1.590,26.725,33.484,82.281,2.871,91.203
2019-06-06,97.097,150.761,54.299,21.959,0.874,21.974,30.524,68.513,6.545,104.637
2019-06-07,86.980,141.281,38.029,20.101,0.784,25.330,30.467,52.122,1.243,93.480
2019-06-08,96.372,122.366,21.588,24.459,1.198,30.233,32.431,83.900,3.917,89.214
2019-06-09,85.225,132.105,33.433,16.638,0.552,32.511,27.611,74.983,3.707,88.931
2019-06-10,76.412,124.610,36.586,21.682,1.569,42.463,24.832,43.674,1.049,82.906
2019-06-11,77.348,128.219,37.928,12.165,1.566,26.238,32.077,68.624,3.581,84.726
2019-06-12,90.267,127.393,38.497,22.035,1.070,35.422,28.702,85.344,4.350,91.051
2019-06-13,91.471,126.182,48.951,29.765,1.089,32.142,28.549,59.788,0.988,93.380
2019-06-14,81.667,117.834,50.195,15.026,1.178,39.072,26.067,74.017,4.324,86.223
2019-06-15,93.516,128.532,38.627,16.201,1.216,34.034,25.952,88.266,7.694,93.043
2019-06-16,74.618,123.622,48.788,16.450,1.238,22.941,30.177,71.425,7.842,84.153
2019-06-17,86.882,99.351,42.861,20.650,1.367,17.939,30.424,36.146,4.488,81.819
2019-06-18,77.221,148.590,40.516,14.685,1.148,32.179,29.655,44.674,4.363,91.291
2019-06-19,81.191,138.361,47.252,22.106,1.483,26.301,29.514,65.706,2.641,91.554
2019-06-20,86.279,123.121,40.578,24.234,1.334,23.138,28.674,46.533,7.978,88.191
2019-06-21,78.510,126.480,56.462,22.672,1.018,21.127,27.192,87.453,2.557,88.491
2019-06-22,81.808,113.982,28.493,11.158,1.601,31.127,26.102,54.321,3.897,80.797
2019-06-23,92.424,142.060,35.879,24.976,0.793,40.554,30.089,57.434,0.522,96.006
2019-06-24,79.247,143.479,38.988,24.687,1.172,27.139,25.166,72.096,3.119,90.465
2019-06-25,90.035,125.475,43.516,24.151,1.490,34.132,27.227,61.455,1.036,91.363
2019-06-26,73.798,133.544,50.144,21.864,0.983,29.284,23.533,52.929,6.079,86.991
2019-06-27,86.560,124.461,39.805,21.101,1.293,20.974,23.796,34.598,4.708,88.579
2019-06-28,93.339,108.740,28.622,25.162,1.363,35.144,24.894,65.787,4.791,85.016
2019-06-29,61.518,117.388,46.740,29.618,0.942,22.337,23.018,82.055,2.649,75.323
2019-06-30,74.399,122.223,46.040,15.235,1.178,30.151,27.652,71.146,6.612,83.075
2019-07-01,84.875,115.756,24.465,25.391,1.153,27.609,21.042,52.890,0.525,82.057
2019-07-02,78.117,117.512,39.970,19.569,1.034,36.252,25.212,37.664,3.002,82.306
2019-07-03,82.195,118.182,27.279,19.352,1.891,22.593,25.139,78.980,5.446,82.008
2019-07-04,73.877,117.685,34.683,12.317,0.971,32.736,19.137,86.505,7.309,79.181
2019-07-05,78.886,118.415,32.778,18.576,1.501,24.121,23.075,53.296,2.260,81.523
2019-07-06,76.433,106.685,46.474,15.014,1.082,26.422,24.993,73.719,4.558,79.517
2019-07-07,86.506,109.521,40.935,17.681,0.874,5.000,25.341,54.646,4.535,84.296
2019-07-08,78.686,103.246,29.715,14.509,1.231,44.645,23.270,60.136,7.056,76.260
2019-07-09,78.838,125.272,47.041,17.755,1.395,33.854,25.743,80.189,0.879,86.409
2019-07-10,72.331,93.841,28.530,17.969,1.476,24.629,23.214,35.005,3.684,70.024
2019-07-11,71.215,125.838,42.641,20.484,1.669,22.127,23.413,61.820,1.868,81.887
2019-07-12,71.147,127.572,33.488,11.926,2.084,26.530,23.957,42.877,0.661,80.542
2019-07-13,77.255,110.095,37.075,12.772,1.275,35.018,25.814,50.388,1.603,79.071
2019-07-14,70.226,86.495,44.034,21.810,1.001,16.755,20.838,68.666,7.824,69.869
2019-07-15,75.409,108.326,44.172,16.013,1.336,29.009,21.236,31.634,2.111,79.037
2019-07-16,89.193,110.712,50.696,25.373,1.120,42.394,20.523,65.630,7.513,87.949
2019-07-17,79.059,100.666,39.342,21.126,1.478,22.062,21.367,47.007,2.039,77.598
2019-07-18,68.985,105.040,42.452,23.034,0.811,30.563,26.476,70.169,7.485,74.495
2019-07-19,80.708,124.917,36.498,27.053,1.911,45.423,23.751,38.495,5.410,85.129
2019-07-20,67.342,115.691,41.456,18.451,1.457,34.425,18.476,74.149,1.349,76.669
2019-07-21,53.813,99.225,43.516,17.128,0.695,30.881,19.905,68.738,4.864,65.377
2019-07-22,61.567,91.928,39.214,24.359,0.987,33.546,22.662,88.275,2.889,66.204
2019-07-23,54.182,104.070,25.570,22.548,1.445,27.194,18.663,84.674,3.374,63.426
2019-07-24,65.857,104.646,42.652,19.063,1.553,39.097,19.047,46.998,3.801,72.852
2019-07-25,68.340,111.186,42.916,26.957,0.818,27.205,25.099,31.639,3.670,76.109
2019-07-26,81.131,100.319,34.559,18.939,1.414,16.286,19.066,69.322,5.481,77.573
2019-07-27,69.865,110.240,29.725,20.164,0.616,27.261,23.614,66.173,6.263,73.950
2019-07-28,65.032,123.933,51.807,20.106,1.173,23.233,24.361,31.646,2.969,80.057
2019-07-29,72.958,112.198,43.932,15.327,1.534,28.032,18.241,37.361,7.433,78.925
2019-07-30,48.176,103.029,38.167,20.388,1.035,28.186,17.619,65.082,7.538,62.630
2019-07-31,67.297,101.149,30.904,26.984,0.748,38.382,19.309,84.710,0.805,70.174
2019-08-01,71.130,98.890,33.425,22.225,1.244,34.867,16.722,84.390,0.612,71.917
2019-08-02,52.689,113.744,50.421,20.155,1.019,31.843,20.202,39.089,3.688,70.552
2019-08-03,73.228,95.151,41.101,19.191,1.389,29.979,19.076,53.074,4.930,73.380
2019-08-04,66.351,101.369,35.595,21.654,0.934,22.588,20.629,32.592,2.584,70.705
2019-08-05,59.890,100.926,44.078,23.749,0.968,14.732,23.595,58.156,2.446,69.038
2019-08-06,67.849,94.900,33.485,23.046,0.594,30.792,21.715,75.185,5.588,69.092
2019-08-07,80.532,85.703,52.007,18.341,1.251,35.562,20.590,77.398,5.013,76.378
2019-08-08,63.406,102.173,50.822,21.624,1.152,29.242,13.086,59.939,1.754,72.519
2019-08-09,63.527,97.855,36.267,22.400,0.843,26.256,20.177,35.752,7.134,68.374
2019-08-10,57.462,102.996,34.971,14.964,1.258,33.252,23.880,52.882,5.600,66.624
2019-08-11,53.940,92.192,19.055,20.841,1.508,29.417,9.548,85.926,3.219,58.438
2019-08-12,66.988,109.278,28.147,9.193,1.135,41.800,20.517,43.777,5.627,71.907
2019-08-13,53.109,87.850,29.284,22.413,1.280,38.629,17.841,49.185,1.345,58.767
2019-08-14,60.149,113.293,41.082,23.302,1.282,36.717,15.643,74.810,4.012,72.279
2019-08-15,55.380,78.259,37.390,23.738,0.839,35.304,20.471,74.015,1.767,58.646
2019-08-16,62.664,99.652,29.237,18.025,1.817,20.969,23.073,84.732,0.811,67.075
2019-08-17,61.139,99.636,37.751,21.545,1.059,34.641,20.149,53.287,3.037,68.010
2019-08-18,66.414,86.510,44.043,27.120,1.397,32.634,16.591,60.876,1.631,67.968
2019-08-19,53.683,98.301,44.223,27.069,1.431,34.245,14.757,58.044,5.251,65.176
2019-08-20,55.261,106.452,24.803,19.854,1.158,33.448,17.907,85.665,5.556,64.527
2019-08-21,49.253,71.096,38.974,20.697,1.382,33.169,19.981,76.160,1.615,53.750
2019-08-22,53.199,97.907,28.933,25.555,1.274,48.906,16.090,79.887,0.685,61.758
2019-08-23,59.449,67.570,47.214,12.496,0.775,29.467,16.272,37.986,6.446,59.438
2019-08-24,62.170,82.477,46.273,18.385,1.100,36.554,25.504,77.511,0.515,65.083
2019-08-25,48.428,108.065,32.816,26.678,1.016,26.703,20.171,55.979,3.079,63.197
2019-08-26,62.461,85.603,33.872,24.876,1.061,35.534,20.285,31.400,4.209,63.686
2019-08-27,66.054,79.339,36.310,21.846,0.809,36.575,12.356,33.605,6.640,64.091
2019-08-28,58.230,88.763,21.978,12.471,1.538,32.551,14.519,70.674,6.789,60.139
2019-08-29,69.657,111.095,42.688,19.750,1.681,41.685,16.772,52.321,5.937,76.695
2019-08-30,48.180,71.782,37.817,17.050,1.493,23.810,13.453,82.087,2.354,53.188
2019-08-31,44.148,79.277,47.761,21.655,1.581,26.589,21.170,74.056,5.901,55.410
2019-09-01,39.619,104.465,31.213,15.953,1.097,31.487,20.514,31.301,2.349,57.391
2019-09-02,65.568,107.777,35.047,14.871,1.009,36.166,14.599,71.213,2.110,72.126
2019-09-03,58.593,87.884,27.948,9.676,0.966,31.256,21.471,41.541,4.603,61.251
2019-09-04,52.680,76.255,31.966,26.109,1.393,39.000,16.029,55.355,5.591,55.610
2019-09-05,55.139,109.341,30.544,18.001,1.268,25.368,23.735,67.484,0.898,66.481
2019-09-06,43.678,104.073,47.968,20.786,1.177,22.016,16.328,82.363,0.950,62.655
2019-09-07,72.039,94.674,34.414,19.989,1.589,32.157,17.553,57.366,6.381,71.304
2019-09-08,53.305,79.526,40.993,14.663,1.321,29.460,19.957,78.509,6.946,58.709
2019-09-09,52.953,86.934,36.954,13.705,0.948,33.800,19.526,76.978,5.033,59.948
2019-09-10,57.700,85.606,29.844,14.973,0.996,29.808,17.163,54.872,3.716,60.500
2019-09-11,55.565,90.312,38.654,16.384,1.405,27.620,15.149,60.059,6.840,62.607
2019-09-12,53.340,101.317,44.793,21.833,1.513,29.475,17.059,72.029,5.966,66.024
2019-09-13,45.066,95.415,30.338,16.021,1.366,30.202,13.015,31.869,4.847,57.225
2019-09-14,55.010,75.671,46.473,28.732,1.769,27.865,15.869,83.449,2.898,59.501
2019-09-15,66.152,100.043,33.202,25.136,1.691,28.578,12.037,76.189,1.985,69.730
2019-09-16,61.725,89.253,36.136,24.042,1.332,27.175,9.978,44.965,3.640,64.866
2019-09-17,63.582,92.847,44.245,19.402,0.948,35.997,15.430,88.871,2.651,68.494
2019-09-18,46.630,100.505,34.693,27.571,0.807,31.358,19.027,40.763,3.044,60.405
2019-09-19,42.695,74.598,40.301,18.910,1.084,45.797,17.981,84.845,4.367,51.787
2019-09-20,49.506,85.239,37.482,19.844,1.426,31.125,14.925,49.468,1.768,57.821
2019-09-21,50.867,80.177,41.035,20.850,1.748,26.144,20.381,75.789,6.546,57.694
2019-09-22,59.093,69.718,20.954,23.509,1.325,48.695,13.406,57.383,1.591,54.653
2019-09-23,36.727,88.778,25.363,23.185,1.551,32.895,9.335,74.188,4.107,50.069
2019-09-24,62.439,110.352,44.928,17.624,1.126,36.931,8.521,39.347,6.095,73.310
2019-09-25,48.883,66.771,48.297,17.335,1.387,34.145,11.505,46.170,4.138,54.132
2019-09-26,46.685,84.794,32.716,23.200,1.447,34.361,17.483,35.991,3.208,55.324
2019-09-27,41.966,91.478,38.048,23.576,0.606,33.750,13.116,81.909,4.062,56.036
2019-09-28,36.795,86.270,42.358,18.033,1.076,22.285,16.394,47.778,6.865,52.750
2019-09-29,56.599,83.885,45.546,12.064,1.485,32.573,19.943,71.669,7.928,62.574
2019-09-30,50.589,72.011,23.779,18.963,1.282,20.726,11.701,79.213,5.234,51.653
2019-10-01,39.681,87.328,32.912,23.118,0.841,28.779,16.436,84.085,6.451,52.621
2019-10-02,39.646,77.440,37.339,29.027,0.471,24.921,16.619,36.378,0.609,50.523
2019-10-03,47.336,63.127,45.625,14.010,1.090,32.502,12.425,83.581,7.103,51.731
2019-10-04,63.399,97.001,59.987,17.867,1.179,32.339,19.078,41.835,7.655,72.797
2019-10-05,48.004,94.677,38.176,18.053,0.935,33.368,14.164,74.214,4.814,60.040
2019-10-06,38.097,85.659,28.744,26.779,1.243,32.011,13.890,73.731,6.154,50.495
2019-10-07,48.208,87.493,43.218,19.825,1.352,25.752,21.393,30.510,4.346,58.995
2019-10-08,48.052,96.015,50.568,15.463,1.401,28.173,16.646,43.237,2.647,62.944
2019-10-09,28.727,87.596,40.864,22.793,0.493,36.443,17.877,59.515,6.892,48.815
2019-10-10,49.945,94.483,32.747,17.977,0.806,37.475,19.191,55.202,4.976,59.867
2019-10-11,48.618,82.569,47.664,13.878,1.109,21.973,13.204,85.114,4.845,58.613
2019-10-12,56.130,98.774,45.308,15.536,1.372,19.284,18.936,51.584,5.443,66.759
2019-10-13,65.456,88.983,31.791,28.670,1.347,24.912,13.716,86.219,6.920,65.781
2019-10-14,59.790,87.847,43.051,21.921,1.342,37.316,13.625,57.566,5.989,64.859
2019-10-15,48.747,73.347,47.978,20.539,1.085,38.504,14.483,87.861,2.083,55.973
2019-10-16,42.176,89.069,49.455,18.751,1.102,23.527,13.476,74.241,4.001,57.699
2019-10-17,71.753,78.041,39.468,21.461,0.982,32.151,17.855,79.760,7.852,67.182
2019-10-18,51.787,80.149,37.135,21.401,1.430,42.841,16.239,36.293,4.659,57.365
2019-10-19,51.580,78.559,49.818,21.461,0.924,32.907,14.016,65.168,7.537,59.321
2019-10-20,51.439,76.242,30.319,20.574,1.455,39.951,17.568,38.562,6.600,54.656
2019-10-21,53.389,108.353,43.509,24.344,1.262,36.991,14.776,47.857,5.495,67.902
2019-10-22,50.830,100.629,29.040,20.116,1.186,23.629,14.677,67.414,3.120,61.412
2019-10-23,47.584,106.740,48.523,15.110,1.003,28.670,15.871,73.574,2.782,65.519
2019-10-24,47.996,75.537,37.936,16.938,0.793,30.243,17.181,32.351,5.326,54.246
2019-10-25,52.314,88.718,50.149,10.105,1.006,30.729,17.028,61.857,3.744,62.802
2019-10-26,48.442,75.319,43.931,30.134,1.101,36.414,14.840,63.919,6.491,55.603
2019-10-27,47.308,81.556,30.214,24.314,0.489,32.861,18.545,34.730,6.203,54.164
2019-10-28,54.092,79.599,51.397,15.850,1.141,9.447,15.413,60.041,2.841,61.205
2019-10-29,51.438,101.453,52.410,18.591,1.477,20.810,14.194,72.831,5.770,66.637
2019-10-30,65.755,85.381,47.058,16.816,1.370,14.688,11.837,33.194,4.209,67.904
2019-10-31,32.769,100.323,33.907,27.713,1.051,31.228,19.275,75.616,2.925,53.263
2019-11-01,62.969,95.984,37.552,12.901,1.214,31.683,16.450,64.586,3.597,67.790
2019-11-02,64.474,113.293,41.163,20.572,1.033,31.983,17.134,79.994,7.215,74.458
2019-11-03,38.194,75.784,34.370,19.457,1.245,23.288,19.731,43.084,3.196,48.706
2019-11-04,52.323,103.501,53.539,24.134,1.662,34.719,15.256,79.996,2.655,67.920
2019-11-05,52.384,102.713,41.155,19.480,1.491,35.014,12.662,35.674,3.139,65.237
2019-11-06,44.394,81.862,18.373,11.209,1.356,21.214,17.094,54.230,2.110,50.430
2019-11-07,49.737,102.024,42.715,18.744,1.052,19.738,17.910,41.969,4.585,64.018
2019-11-08,47.387,95.678,37.215,15.139,1.425,29.999,16.302,82.561,1.606,59.840
2019-11-09,70.609,90.415,39.401,20.398,0.694,42.542,21.618,72.295,6.631,70.309
2019-11-10,64.403,84.831,37.051,27.171,1.124,41.898,9.847,31.522,2.192,65.061
2019-11-11,67.423,86.268,46.456,11.303,1.375,33.944,20.777,30.571,4.985,68.883
2019-11-12,63.364,114.354,48.958,15.999,1.422,24.890,19.904,47.475,1.438,75.780
2019-11-13,48.905,94.267,42.264,17.237,1.401,36.208,19.016,38.597,7.838,61.186
2019-11-14,54.095,102.494,37.286,18.092,1.288,26.833,7.756,67.818,3.909,65.252
2019-11-15,62.565,87.183,39.669,23.701,1.141,24.627,21.735,69.828,6.666,65.371
2019-11-16,49.239,87.720,40.157,19.132,1.361,14.992,14.926,86.517,6.265,58.967
2019-11-17,65.092,106.773,33.581,22.079,0.914,30.717,16.606,87.122,5.853,71.294
2019-11-18,57.844,82.899,44.631,16.871,0.947,25.591,17.744,69.534,6.705,62.718
2019-11-19,57.152,92.691,43.680,21.150,1.219,30.675,19.606,30.341,1.253,65.119
2019-11-20,66.229,97.638,52.324,23.889,1.252,13.904,20.432,51.540,5.589,72.871
2019-11-21,64.491,98.874,50.043,16.339,0.652,31.189,21.324,60.788,2.494,71.916
2019-11-22,58.451,96.437,34.515,23.907,1.337,12.982,21.227,59.951,6.394,65.060
2019-11-23,71.020,102.662,46.562,20.262,1.432,37.616,19.674,66.200,7.677,75.621
2019-11-24,53.510,106.113,32.392,25.227,1.177,33.653,20.301,87.633,7.261,65.067
2019-11-25,67.503,107.018,45.567,18.993,1.912,28.049,15.920,83.112,1.362,74.971
2019-11-26,67.744,90.307,35.867,21.906,0.995,33.939,17.080,36.534,3.272,68.138
2019-11-27,60.951,97.823,31.814,19.797,1.092,23.153,22.162,45.959,3.232,66.185
2019-11-28,66.469,113.117,42.240,19.519,1.081,30.507,22.132,79.987,1.417,75.618
2019-11-29,54.289,110.627,18.603,21.295,1.177,35.563,21.937,79.458,1.236,64.053
2019-11-30,72.132,88.468,25.992,22.684,1.101,8.340,18.370,46.522,3.387,67.805
2019-12-01,63.708,106.233,38.580,13.752,0.778,26.869,22.794,73.835,7.941,71.440
2019-12-02,61.456,83.462,40.660,27.168,1.036,29.841,16.729,70.322,4.767,63.899
2019-12-03,74.486,104.245,37.045,10.702,1.171,28.626,23.597,58.411,5.163,75.925
2019-12-04,60.918,123.290,27.365,16.576,1.569,40.200,19.735,42.087,4.033,72.919
2019-12-05,55.749,95.374,33.457,19.529,1.861,22.133,25.725,83.319,5.467,63.178
2019-12-06,55.031,97.055,43.130,22.062,1.601,25.652,16.264,70.671,7.675,65.258
2019-12-07,72.803,113.588,44.654,27.881,0.967,16.589,26.275,40.140,4.915,79.409
2019-12-08,58.187,91.074,39.870,10.709,0.991,40.572,20.059,72.288,0.988,64.390
2019-12-09,82.947,100.732,49.255,17.462,1.152,28.276,20.164,74.486,4.197,81.544
2019-12-10,52.734,113.586,43.179,9.366,1.735,26.931,22.048,83.213,7.946,69.079
2019-12-11,83.446,101.844,34.020,20.158,1.150,29.633,19.534,43.370,3.406,79.080
2019-12-12,72.050,106.396,37.756,21.358,0.802,34.454,21.570,89.325,4.954,75.495
2019-12-13,70.079,116.770,28.777,27.954,1.050,32.432,19.738,39.204,1.300,75.826
2019-12-14,66.986,114.119,39.135,20.603,1.427,48.535,20.012,66.041,1.559,75.556
2019-12-15,75.034,113.150,48.897,25.220,1.407,33.178,23.741,69.431,7.060,81.241
2019-12-16,72.038,107.671,45.482,22.919,1.140,26.743,19.742,55.137,2.753,77.417
2019-12-17,81.666,115.347,51.216,17.824,1.405,26.071,20.309,58.502,2.791,85.680
2019-12-18,74.256,110.995,37.577,12.955,0.518,27.251,18.662,83.455,3.404,77.942
2019-12-19,75.049,117.399,50.769,21.375,1.231,19.487,21.437,68.716,7.749,82.898
2019-12-20,71.444,108.443,38.454,12.539,1.458,30.279,27.053,59.820,1.133,75.946
2019-12-21,74.406,112.179,51.773,26.476,0.950,35.484,20.749,37.701,6.641,81.211
2019-12-22,77.833,104.700,39.825,19.190,0.949,25.706,21.262,30.440,3.062,78.291
2019-12-23,62.200,114.845,45.658,25.976,0.640,24.348,24.209,37.498,6.871,74.685
2019-12-24,65.608,107.683,51.801,17.599,1.677,40.612,22.686,87.371,7.938,75.469
2019-12-25,82.853,105.251,38.453,21.344,0.984,20.015,30.653,75.845,3.115,80.692
2019-12-26,78.788,119.578,41.747,21.047,1.272,15.525,23.653,88.027,1.470,83.617
2019-12-27,76.464,119.719,50.311,19.775,1.381,21.930,25.318,32.143,1.583,84.210
2019-12-28,78.599,126.022,38.936,17.837,1.654,19.217,27.315,70.813,6.191,84.893
2019-12-29,81.748,114.484,29.433,21.962,1.154,32.704,27.430,32.658,1.587,81.106
2019-12-30,75.166,123.478,57.144,15.369,1.038,27.475,25.528,76.923,2.453,86.055
2019-12-31,73.774,125.508,36.242,13.953,1.252,28.462,24.517,52.857,2.033,81.788
2020-01-01,82.083,125.050,41.270,26.214,1.585,38.071,31.244,35.746,3.168,86.811
2020-01-02,73.206,112.948,49.248,23.636,1.149,25.161,25.045,64.083,1.058,80.337
2020-01-03,84.815,123.300,35.132,20.329,0.914,35.426,24.191,46.807,6.926,86.424
2020-01-04,68.443,126.049,31.937,28.326,0.738,40.579,23.750,69.574,6.951,78.424
2020-01-05,90.812,123.081,42.030,18.661,0.834,26.810,20.679,69.490,3.597,90.736
2020-01-06,86.874,102.744,25.655,26.614,1.459,35.159,28.496,72.300,5.091,79.391
2020-01-07,85.654,125.812,37.697,20.878,1.104,28.307,19.158,89.548,5.315,88.110
2020-01-08,91.980,146.930,41.960,14.876,1.018,36.469,26.356,53.202,6.119,98.461
2020-01-09,97.953,121.800,37.840,29.240,0.985,19.000,25.929,57.919,4.405,93.085
2020-01-10,93.254,118.714,27.652,24.954,1.226,18.481,33.433,78.277,4.328,87.772
2020-01-11,70.920,130.321,52.753,19.395,1.128,27.261,21.387,64.702,5.235,85.107
2020-01-12,75.917,130.302,40.828,23.636,1.118,23.778,24.348,32.235,5.773,85.215
2020-01-13,81.659,139.695,51.449,17.981,1.605,26.383,26.811,80.585,3.100,93.028
2020-01-14,87.369,115.775,37.920,24.146,1.661,28.463,26.794,33.090,2.978,86.001
2020-01-15,91.802,136.251,32.960,8.045,0.717,35.040,25.905,40.249,2.523,93.368
2020-01-16,82.353,135.423,42.153,14.901,1.298,27.146,27.477,36.125,4.616,90.234
2020-01-17,90.149,128.675,38.274,24.896,0.967,24.233,24.106,34.676,3.201,91.332
2020-01-18,83.105,134.059,30.578,18.752,1.126,27.539,29.121,31.541,4.552,87.886
2020-01-19,84.746,141.539,51.758,21.038,1.293,24.616,21.248,33.302,3.545,95.186
2020-01-20,78.872,140.536,35.022,13.266,1.136,23.462,28.298,56.546,6.776,88.602
2020-01-21,83.224,120.948,25.278,29.239,1.269,18.709,26.736,45.171,1.048,82.952
2020-01-22,80.278,141.142,50.625,25.953,1.402,30.486,31.746,37.592,4.792,92.607
2020-01-23,83.763,132.851,35.966,18.997,1.288,26.019,34.123,69.522,4.817,88.930
2020-01-24,100.474,134.781,35.137,17.977,1.006,36.764,28.022,43.567,3.378,97.699
2020-01-25,84.921,135.334,25.877,25.148,1.011,19.868,33.344,31.137,3.658,88.236
2020-01-26,114.042,133.645,53.928,29.912,0.768,26.205,28.379,55.105,6.501,107.900
2020-01-27,97.393,147.605,29.684,24.769,0.944,42.690,26.584,48.626,2.605,98.915
2020-01-28,95.385,135.387,40.468,30.859,1.789,23.423,34.873,49.116,7.036,96.402
2020-01-29,87.495,125.560,47.301,15.388,0.962,28.344,31.350,56.716,7.223,90.876
2020-01-30,100.416,133.347,43.374,15.903,0.842,21.489,29.951,70.135,5.380,98.887
2020-01-31,90.655,139.590,39.523,14.055,1.296,20.561,32.148,66.989,6.296,95.109
2020-02-01,96.679,150.612,26.387,22.209,1.167,40.831,31.057,86.236,5.097,98.800
2020-02-02,116.621,144.861,33.522,20.878,1.141,31.197,30.172,61.063,4.439,108.473
2020-02-03,95.805,130.830,41.502,19.240,1.623,30.936,26.545,58.354,7.750,95.452
2020-02-04,106.195,164.686,33.703,24.046,1.365,18.126,29.855,42.805,2.620,109.244
2020-02-05,91.799,142.976,41.627,26.162,1.041,32.511,32.678,75.323,1.656,97.117
2020-02-06,97.562,153.569,45.454,12.372,1.073,38.102,30.579,38.447,2.656,103.943
2020-02-07,112.421,139.780,47.700,17.015,1.049,38.046,33.792,59.468,5.110,107.684
2020-02-08,93.646,147.105,30.191,24.101,1.462,34.678,32.371,55.279,1.889,96.993
2020-02-09,113.563,150.635,57.573,17.661,1.108,22.094,28.720,69.498,7.316,113.486
2020-02-10,105.121,154.884,46.140,16.009,0.662,32.192,27.529,85.057,3.583,108.254
2020-02-11,95.349,153.731,39.986,25.093,1.186,34.673,31.145,86.796,6.875,101.791
2020-02-12,105.293,152.327,48.716,13.552,0.739,17.439,30.172,40.068,2.369,108.088
2020-02-13,108.392,140.896,58.923,18.492,1.855,22.151,32.879,45.709,2.849,108.249
2020-02-14,105.958,138.764,28.490,21.643,0.910,36.217,29.840,78.698,0.944,100.306
2020-02-15,88.788,148.234,38.198,17.131,1.151,36.132,30.270,61.097,2.433,96.504
2020-02-16,95.892,154.659,20.973,23.916,1.277,19.160,35.396,57.182,4.177,98.538
2020-02-17,100.082,143.512,41.541,17.156,1.113,35.565,32.799,72.638,7.596,101.403
2020-02-18,101.814,156.796,42.923,27.043,1.113,30.667,30.362,66.115,3.417,106.530
2020-02-19,107.715,161.067,39.687,19.371,1.327,35.467,32.636,88.243,5.298,110.115
2020-02-20,104.504,137.766,34.764,23.356,1.658,25.558,36.831,65.038,3.708,100.535
2020-02-21,92.726,138.941,23.604,23.730,1.430,34.516,33.684,57.958,0.851,92.766
2020-02-22,106.770,146.279,42.988,16.862,1.644,35.907,34.688,62.569,4.276,105.866
2020-02-23,108.926,151.124,51.643,9.733,0.886,27.541,30.757,78.512,0.994,110.129
2020-02-24,108.824,143.158,35.272,21.804,1.295,30.124,36.195,66.761,7.128,104.414
2020-02-25,113.291,162.274,43.520,20.361,1.247,25.460,40.169,68.823,6.148,114.031
2020-02-26,111.606,153.332,27.455,22.779,1.305,41.561,30.937,88.286,3.340,107.294
2020-02-27,108.892,149.816,43.658,18.867,1.613,29.158,29.861,67.104,5.302,108.122
2020-02-28,104.933,135.385,36.853,17.848,1.134,23.546,34.025,52.817,1.340,100.453
2020-02-29,92.475,136.899,33.901,30.042,1.078,24.989,36.214,71.480,5.769,94.087
2020-03-01,109.461,153.171,33.917,12.638,1.360,30.887,33.400,69.568,6.670,107.465
2020-03-02,107.938,129.330,36.851,23.670,0.667,35.273,30.599,30.831,6.663,100.138
2020-03-03,108.695,161.069,43.059,17.127,1.129,20.649,33.515,58.040,2.632,111.280
2020-03-04,96.545,149.638,29.503,18.321,1.160,42.934,35.714,74.574,2.478,99.065
2020-03-05,98.340,183.918,36.823,18.414,0.924,32.161,32.775,59.942,4.410,111.710
2020-03-06,115.636,174.825,39.668,15.983,1.517,33.265,35.892,76.777,7.758,118.199
2020-03-07,107.107,150.180,31.208,22.856,0.881,29.320,37.635,57.053,7.404,104.849
2020-03-08,113.081,151.171,54.373,26.953,1.159,30.135,34.930,88.999,3.197,112.766
2020-03-09,108.053,162.420,33.172,22.350,1.288,28.962,34.192,47.573,6.349,109.387
2020-03-10,108.253,169.716,34.645,20.517,1.606,37.125,36.826,35.527,7.410,111.970
2020-03-11,115.702,136.515,32.174,15.068,1.197,29.944,31.830,55.801,2.457,105.240
2020-03-12,104.240,135.232,54.388,22.584,1.481,35.369,31.592,62.503,6.727,103.567
2020-03-13,109.301,147.067,44.423,30.782,1.410,26.963,33.711,50.946,2.509,107.655
2020-03-14,104.989,159.296,32.507,18.097,1.237,31.369,33.087,44.537,3.075,106.785
2020-03-15,105.358,158.608,48.850,18.120,0.873,24.373,32.201,70.324,1.991,110.031
2020-03-16,106.499,164.499,41.606,17.195,0.770,38.516,40.149,52.628,4.303,110.920
2020-03-17,110.879,141.955,42.058,17.553,1.232,24.164,41.217,67.882,6.825,106.438
2020-03-18,105.393,130.932,37.244,6.274,1.037,27.725,33.680,76.744,4.460,99.425
2020-03-19,119.381,162.805,34.005,22.025,1.476,27.795,35.054,75.660,1.426,115.333
2020-03-20,102.282,146.064,42.702,15.772,1.424,27.522,34.250,52.519,2.388,103.501
2020-03-21,108.039,134.272,35.639,11.949,1.145,35.057,38.167,64.074,4.721,101.429
2020-03-22,106.103,156.008,54.534,23.766,0.853,27.783,38.790,56.979,4.874,110.760
2020-03-23,121.274,162.579,29.846,14.590,1.353,39.757,29.568,82.248,4.827,115.380
2020-03-24,111.339,153.507,52.289,18.307,0.895,24.271,36.350,82.726,1.078,112.180
2020-03-25,118.081,150.219,39.109,27.332,0.972,31.186,31.022,50.624,6.153,111.928
2020-03-26,97.993,153.264,42.393,12.954,0.906,24.569,40.234,35.504,7.321,103.454
2020-03-27,112.056,151.201,46.665,12.337,1.158,32.947,36.294,40.055,4.329,110.721
2020-03-28,117.070,141.465,34.958,21.347,1.551,29.888,32.514,52.020,5.891,107.966
2020-03-29,110.636,147.827,46.914,25.747,1.198,28.915,34.269,63.855,7.355,109.049
2020-03-30,118.517,160.205,18.340,12.128,1.067,38.319,34.131,69.407,5.320,110.988
2020-03-31,105.861,158.216,34.240,22.038,0.742,25.420,36.575,49.882,5.557,107.244
2020-04-01,121.272,156.678,32.607,22.905,1.366,34.106,38.125,70.050,5.911,114.161
2020-04-02,128.378,145.033,29.972,9.704,0.966,24.617,31.551,86.264,2.454,113.693
2020-04-03,107.064,153.146,38.280,23.993,1.235,30.789,40.505,69.121,4.870,107.132
2020-04-04,106.373,133.156,43.086,24.383,1.094,21.631,39.796,39.514,6.816,101.751
2020-04-05,121.527,156.668,45.621,18.441,1.451,25.362,32.341,64.780,2.721,116.888
2020-04-06,122.490,169.117,41.927,26.262,1.153,29.425,35.169,62.514,7.229,120.365
2020-04-07,105.615,140.023,34.674,25.682,1.182,42.703,40.065,82.242,5.153,101.749
2020-04-08,106.372,148.830,42.952,20.516,1.346,30.706,38.610,51.018,3.674,106.425
2020-04-09,107.406,157.895,40.994,17.743,1.832,41.583,33.877,55.377,5.174,109.270
2020-04-10,98.823,167.037,47.488,15.136,1.467,31.542,37.303,65.920,3.514,109.020
2020-04-11,102.139,149.920,46.215,19.812,1.173,27.290,43.821,61.466,6.785,105.288
2020-04-12,101.355,147.364,40.244,22.849,1.201,40.775,35.112,73.141,4.117,102.936
2020-04-13,103.138,134.471,32.822,18.379,1.043,33.059,32.862,32.423,7.259,98.475
2020-04-14,108.886,155.059,34.776,9.012,0.915,25.501,35.238,63.811,4.324,107.916
2020-04-15,110.912,174.299,35.602,26.344,1.034,33.294,35.419,37.300,5.453,114.866
2020-04-16,121.308,156.495,37.478,20.951,0.968,27.952,33.061,48.913,7.983,115.098
2020-04-17,100.775,153.332,42.144,18.102,1.396,16.077,35.912,69.698,1.602,104.816
2020-04-18,116.485,156.600,45.721,24.286,0.879,36.552,30.774,39.445,6.025,114.367
2020-04-19,106.739,153.082,39.591,27.623,1.600,37.665,32.487,48.531,1.542,107.212
2020-04-20,107.887,144.866,40.129,5.990,1.426,42.866,36.702,72.180,6.791,105.429
2020-04-21,113.505,161.024,41.146,22.171,1.206,32.955,29.104,69.048,4.973,113.289
2020-04-22,98.940,154.833,35.873,12.867,1.200,28.259,37.017,35.462,7.536,103.094
2020-04-23,110.788,152.526,32.597,22.496,1.033,35.845,28.207,64.636,6.995,107.671
2020-04-24,108.859,142.362,25.956,20.640,1.281,35.949,28.982,38.835,1.062,102.329
2020-04-25,111.258,164.906,34.439,23.179,1.526,41.468,32.609,45.136,1.530,111.989
2020-04-26,109.414,158.264,43.785,17.504,0.989,29.688,34.894,57.553,5.009,110.943
2020-04-27,126.518,145.825,34.377,10.634,0.740,28.841,37.934,36.561,4.387,113.882
2020-04-28,101.540,161.100,38.098,17.748,1.411,24.991,34.053,89.619,1.764,106.719
2020-04-29,102.152,145.825,43.731,22.034,1.297,33.762,33.060,39.922,1.470,103.570
2020-04-30,101.166,142.690,44.166,25.077,0.864,19.162,35.456,76.879,4.730,102.223
2020-05-01,101.450,142.613,31.364,14.141,0.980,35.433,31.019,79.790,0.867,99.782
2020-05-02,100.531,132.191,47.976,25.135,0.942,34.115,33.961,89.668,7.053,99.518
2020-05-03,114.870,154.299,49.019,16.761,0.983,34.095,29.854,55.719,6.553,113.528
2020-05-04,116.442,130.946,30.961,21.812,1.103,30.968,33.607,82.446,6.390,103.697
2020-05-05,100.225,136.638,33.409,17.451,1.120,40.731,32.874,87.452,0.620,97.786
2020-05-06,97.837,127.823,49.529,20.911,1.005,36.104,30.753,40.374,0.857,97.171
2020-05-07,107.966,147.366,38.825,24.459,0.973,25.750,33.560,58.766,4.624,105.958
2020-05-08,99.468,146.363,22.242,13.865,1.131,25.876,33.437,33.601,7.958,98.091
2020-05-09,108.633,144.231,28.803,16.600,1.250,23.842,36.383,67.243,3.067,103.346
2020-05-10,104.870,136.695,38.005,20.925,1.105,33.859,27.932,64.884,3.083,101.045
2020-05-11,90.791,135.014,30.696,32.008,1.548,22.999,32.411,42.248,1.507,92.039
2020-05-12,114.960,150.987,36.693,15.684,1.352,37.584,30.246,77.874,5.558,110.115
2020-05-13,116.604,140.437,40.259,30.201,0.723,39.261,35.022,32.236,5.350,108.485
2020-05-14,96.984,148.698,51.698,30.022,1.357,23.847,34.557,78.374,1.260,103.441
2020-05-15,98.429,136.266,37.676,19.513,1.382,28.701,33.700,31.599,4.006,97.629
2020-05-16,103.454,146.506,48.580,18.509,1.070,30.116,29.944,69.410,5.503,105.395
2020-05-17,103.474,157.298,51.430,16.540,0.751,36.188,34.589,34.726,4.201,109.212
2020-05-18,105.692,149.689,51.474,19.659,1.202,41.265,27.217,45.074,5.558,108.047
2020-05-19,116.124,139.258,42.278,12.966,1.198,18.202,26.475,73.315,6.622,108.295
2020-05-20,98.239,145.502,24.294,19.619,0.864,27.773,27.724,46.824,5.644,97.629
2020-05-21,92.875,140.065,43.687,27.484,0.765,28.138,31.320,60.670,5.121,97.195
2020-05-22,87.828,142.086,48.387,16.945,1.174,20.195,33.313,84.915,6.902,96.217
2020-05-23,92.611,138.279,39.351,18.796,1.130,26.604,22.225,32.978,7.254,95.659
2020-05-24,97.784,139.413,53.957,11.494,1.075,32.994,34.984,78.665,3.417,101.507
2020-05-25,111.990,142.693,46.879,21.870,1.175,28.049,31.271,33.916,1.799,108.179
2020-05-26,93.072,130.148,44.546,21.322,0.869,19.188,26.034,37.608,6.634,94.490
2020-05-27,98.578,129.427,48.691,20.319,1.070,50.119,30.899,37.159,2.103,97.855
2020-05-28,96.226,125.198,42.667,18.916,1.360,31.863,33.730,89.646,7.467,94.206
2020-05-29,105.429,122.573,20.058,18.536,1.095,30.782,32.106,40.811,0.672,93.498
2020-05-30,115.697,125.889,36.007,22.510,0.698,22.315,33.458,83.806,7.410,102.817
2020-05-31,90.790,139.138,49.577,19.856,1.058,31.825,25.914,89.456,4.919,97.052
2020-06-01,90.673,128.092,33.539,21.575,0.879,28.851,28.621,53.027,6.311,90.472
2020-06-02,102.488,141.627,38.212,21.075,1.280,16.780,26.938,67.863,3.489,101.374
2020-06-03,99.132,136.304,31.641,25.617,1.296,22.508,34.712,76.745,7.938,96.786
2020-06-04,107.989,115.733,54.271,23.385,0.702,35.564,31.323,53.559,2.207,99.569
2020-06-05,97.421,141.425,53.452,20.964,1.428,43.608,37.791,39.709,2.483,101.829
2020-06-06,89.406,142.435,32.929,27.592,0.866,32.570,27.691,56.026,0.886,94.020
2020-06-07,96.533,123.837,41.178,22.101,1.668,37.722,26.762,76.313,7.554,93.653
2020-06-08,100.201,137.422,34.556,26.525,1.185,28.910,28.349,76.846,3.920,98.238
2020-06-09,97.415,124.095,44.920,23.035,0.826,29.394,32.752,43.832,5.561,94.920
2020-06-10,94.427,133.073,44.077,10.790,0.857,37.637,27.358,40.498,5.656,95.951
2020-06-11,98.416,118.884,46.494,26.524,1.304,41.639,28.667,85.234,7.059,94.172
2020-06-12,98.748,113.028,42.655,20.676,1.083,39.108,28.421,32.640,5.487,91.813
2020-06-13,99.959,126.557,63.483,19.740,1.171,22.535,28.086,74.084,4.715,100.643
2020-06-14,93.597,128.571,31.777,21.407,1.684,29.531,25.845,32.785,5.827,91.725
2020-06-15,86.573,125.251,26.315,18.275,0.990,31.943,27.225,80.274,6.132,86.125
2020-06-16,88.584,116.805,36.855,21.135,1.218,28.182,26.930,84.325,1.894,86.705
2020-06-17,96.561,124.062,27.456,17.041,1.626,32.715,27.280,47.845,1.323,90.990
2020-06-18,79.870,130.166,28.060,26.371,1.281,35.744,29.966,34.436,1.061,84.597
2020-06-19,88.850,126.435,31.989,19.432,0.718,37.020,32.249,58.841,3.305,88.753
2020-06-20,82.246,128.117,32.622,18.087,1.352,41.801,24.276,47.908,4.235,86.083
2020-06-21,85.114,118.997,32.363,15.375,0.851,27.694,25.452,55.028,5.117,84.729
2020-06-22,94.602,136.820,44.146,21.344,1.622,20.452,23.983,69.899,7.685,97.176
2020-06-23,85.391,112.744,35.950,20.936,0.953,32.508,26.849,42.590,2.981,83.709
2020-06-24,83.721,128.784,38.564,21.942,2.091,43.187,24.502,51.417,6.207,88.209
2020-06-25,71.957,135.128,47.154,14.864,1.640,26.661,26.665,76.954,4.485,85.948
2020-06-26,88.292,127.518,33.869,11.994,0.961,34.808,29.085,68.626,2.151,89.175
2020-06-27,86.970,120.082,37.884,23.128,1.206,34.870,18.025,49.577,5.115,87.087
2020-06-28,98.597,116.223,42.926,27.423,1.426,31.340,26.906,69.858,7.754,92.750
2020-06-29,78.312,131.265,24.467,14.868,1.435,30.048,23.878,75.919,1.432,83.429
2020-06-30,82.011,106.071,20.921,27.947,1.333,23.536,26.467,65.549,4.305,77.011
2020-07-01,81.737,109.998,42.769,21.420,1.576,14.028,22.225,44.370,0.887,82.421
2020-07-02,91.845,115.121,43.936,19.965,1.163,22.217,28.331,30.015,2.909,89.246
2020-07-03,77.947,130.871,56.514,18.012,1.090,27.268,27.310,78.171,5.155,89.537
2020-07-04,80.426,121.690,41.265,13.077,1.096,37.682,26.103,79.358,6.808,84.973
2020-07-05,82.542,107.611,46.558,24.939,1.458,29.278,26.606,71.856,5.977,82.866
2020-07-06,78.657,113.588,38.436,16.122,1.310,26.367,21.818,34.595,3.971,81.092
2020-07-07,73.079,109.949,42.378,16.101,1.287,23.763,22.025,65.113,7.319,78.000
2020-07-08,77.690,108.396,53.338,24.960,1.439,34.598,25.970,79.261,2.770,82.032
2020-07-09,84.215,124.686,23.008,10.585,0.585,39.509,21.239,53.380,6.155,84.115
2020-07-10,66.904,100.584,43.309,12.382,1.293,37.444,27.709,41.880,4.055,72.289
2020-07-11,75.671,129.796,57.085,19.909,1.266,34.243,22.232,65.258,7.240,88.191
2020-07-12,68.499,121.399,42.256,21.466,1.701,19.671,24.539,79.578,6.481,79.120
2020-07-13,83.155,123.435,53.205,22.424,0.741,27.538,29.163,32.932,7.261,89.249
2020-07-14,60.905,107.310,34.966,18.491,1.667,43.631,20.578,65.817,2.107,69.639
2020-07-15,68.118,109.855,39.744,32.652,1.223,37.854,22.736,68.590,5.511,74.964
2020-07-16,75.108,96.440,40.268,18.861,1.347,19.237,25.526,66.142,6.038,74.540
2020-07-17,84.117,104.945,22.259,18.846,1.703,29.611,25.052,69.002,6.068,77.994
2020-07-18,70.573,114.552,30.655,16.015,1.368,32.542,21.049,67.883,4.280,75.783
2020-07-19,66.165,122.002,31.225,20.620,1.320,24.665,20.319,37.824,0.584,75.928
2020-07-20,85.167,97.399,46.577,23.075,1.273,13.836,21.007,44.096,2.461,81.119
2020-07-21,58.048,104.249,46.977,26.018,1.055,30.692,25.887,67.140,2.925,69.694
2020-07-22,51.558,105.827,42.592,12.554,1.191,24.486,20.546,31.062,6.890,66.046
2020-07-23,72.189,92.822,46.593,18.770,0.985,24.513,21.457,68.085,6.807,73.260
2020-07-24,64.176,112.138,38.687,22.234,1.187,27.517,19.784,69.923,1.285,73.467
2020-07-25,59.549,98.433,49.615,22.935,0.499,29.064,23.023,44.350,7.624,69.228
2020-07-26,72.917,103.171,40.070,20.033,1.329,29.936,21.217,65.888,1.868,75.424
2020-07-27,68.735,100.062,40.463,22.712,1.163,23.812,17.585,62.045,3.608,72.479
2020-07-28,61.810,96.150,37.875,15.955,1.099,28.459,17.534,45.641,2.114,67.325
2020-07-29,55.623,103.439,45.476,27.790,1.266,17.698,14.293,57.778,6.952,67.938
2020-07-30,72.391,100.824,36.630,24.963,0.770,32.177,17.643,84.577,6.121,73.769
2020-07-31,70.164,98.738,47.811,13.275,1.779,10.006,22.369,55.596,3.151,74.266
2020-08-01,63.725,94.653,30.943,14.624,1.169,27.974,23.811,67.791,5.614,66.447
2020-08-02,78.851,104.620,31.209,14.765,1.156,36.434,21.749,32.121,1.883,77.053
2020-08-03,55.082,117.453,45.499,23.390,0.910,22.585,21.211,34.668,3.367,71.877
2020-08-04,51.008,101.813,39.292,13.576,1.207,35.015,19.025,34.878,3.328,63.906
2020-08-05,57.252,109.879,36.369,18.345,1.616,38.090,21.587,76.694,2.285,68.863
2020-08-06,62.002,85.525,47.120,22.274,1.511,6.845,19.981,51.015,7.072,66.083
2020-08-07,63.898,100.521,35.142,19.669,1.456,28.940,24.397,43.657,5.591,69.134
2020-08-08,59.612,87.491,38.398,21.294,1.364,9.870,18.552,74.839,2.600,63.733
2020-08-09,63.954,83.224,51.194,14.671,1.092,29.173,22.741,40.198,2.316,67.183
2020-08-10,50.726,90.134,52.313,22.974,0.765,29.950,21.202,44.790,0.635,62.866
2020-08-11,71.895,108.989,52.579,16.934,1.140,12.622,20.655,55.856,3.099,79.160
2020-08-12,59.301,106.118,37.743,18.377,1.129,43.474,12.285,49.886,4.451,69.034
2020-08-13,68.515,98.603,49.846,21.189,1.515,32.002,20.980,65.124,2.583,73.808
2020-08-14,61.943,80.408,32.408,20.515,1.293,24.057,17.685,50.270,5.753,61.576
2020-08-15,62.487,93.342,32.745,20.120,1.684,40.258,16.612,53.577,3.588,65.795
2020-08-16,63.028,97.898,21.196,16.247,1.559,17.431,13.374,81.773,2.872,65.123
2020-08-17,61.695,96.221,53.383,18.502,1.063,21.396,17.688,83.072,7.543,70.390
2020-08-18,62.905,75.619,33.088,20.011,0.661,13.904,17.688,79.663,2.471,60.756
2020-08-19,68.053,84.753,38.988,13.125,1.616,42.607,13.564,81.890,3.487,67.250
2020-08-20,58.656,92.623,32.717,17.687,1.608,32.326,12.941,64.184,3.367,63.658
2020-08-21,62.426,98.242,45.561,21.938,0.790,34.616,18.711,68.774,2.309,69.798
2020-08-22,55.713,70.541,36.995,13.613,1.653,32.107,19.759,63.430,2.131,56.418
2020-08-23,67.635,90.512,29.561,25.783,1.315,34.016,17.609,77.135,2.768,66.884
2020-08-24,50.394,93.204,43.533,26.348,1.248,30.547,20.388,63.060,6.982,61.865
2020-08-25,69.911,99.917,28.530,13.774,1.684,31.896,16.575,36.665,6.253,70.637
2020-08-26,54.888,98.006,33.301,26.788,1.603,30.753,16.573,78.575,5.607,63.506
2020-08-27,43.476,96.568,23.145,19.282,1.395,25.740,13.890,75.635,3.928,55.337
2020-08-28,55.667,82.417,28.608,22.093,1.342,29.674,11.867,79.218,4.308,58.280
2020-08-29,48.922,71.019,41.428,17.517,1.385,31.915,22.021,41.426,2.504,54.052
2020-08-30,60.831,85.859,24.284,24.615,1.080,30.774,19.762,46.297,1.057,61.030
2020-08-31,48.628,99.507,28.151,22.030,1.183,19.656,12.105,47.745,2.983,59.796
2020-09-01,50.030,103.134,39.981,15.929,0.929,20.585,16.667,60.485,4.217,63.952
2020-09-02,38.242,96.023,35.651,14.174,1.100,37.580,15.819,38.033,0.930,55.058
2020-09-03,49.506,92.939,55.936,12.698,1.090,27.851,15.220,53.123,1.162,63.822
2020-09-04,33.508,92.179,54.671,20.940,1.009,34.093,14.739,40.929,2.473,55.342
2020-09-05,40.011,82.568,33.057,22.862,1.241,22.355,17.038,45.886,3.253,51.387
2020-09-06,58.556,86.584,44.457,23.255,1.103,19.688,18.279,72.383,3.450,64.145
2020-09-07,58.558,104.341,45.994,19.410,1.351,24.095,16.964,81.289,1.384,69.780
2020-09-08,55.482,77.999,35.220,14.215,0.713,28.442,15.331,31.374,2.194,58.185
2020-09-09,44.158,103.357,28.036,16.590,1.166,25.344,15.160,63.954,2.462,58.693
2020-09-10,51.335,83.783,39.902,25.762,1.239,39.058,18.383,32.164,1.007,58.783
2020-09-11,51.520,100.062,38.617,17.577,1.107,31.257,16.907,35.115,2.946,63.502
2020-09-12,42.123,72.553,36.514,20.717,1.148,42.943,15.681,72.305,1.042,50.130
2020-09-13,63.266,92.304,43.539,14.622,0.724,32.831,15.305,74.136,5.776,68.032
2020-09-14,58.115,78.911,33.994,21.683,1.307,13.112,16.401,78.839,3.395,59.529
2020-09-15,49.194,71.970,30.784,17.712,1.394,37.392,13.916,58.454,2.951,52.345
2020-09-16,51.052,88.161,40.873,25.234,1.348,19.433,17.743,81.588,1.449,60.149
2020-09-17,52.387,95.934,43.088,23.868,1.512,31.614,12.012,40.010,2.199,63.591
2020-09-18,34.278,77.264,30.587,17.521,1.260,24.577,13.969,44.983,2.245,46.435
2020-09-19,48.535,70.607,47.425,19.367,1.344,44.999,17.004,38.070,7.889,54.935
2020-09-20,44.966,84.573,25.836,17.244,1.247,40.077,11.742,77.852,6.765,53.022
2020-09-21,42.327,84.522,35.375,12.903,1.406,24.807,10.394,43.721,0.614,53.595
2020-09-22,48.018,90.794,37.936,15.713,0.727,29.108,15.278,39.331,5.126,58.834
2020-09-23,64.584,94.732,34.910,20.991,0.932,31.712,9.978,67.387,2.419,67.694
2020-09-24,55.274,84.577,35.480,21.626,1.676,36.044,11.153,34.625,1.283,60.106
2020-09-25,45.531,103.672,54.969,20.743,0.462,30.204,17.303,32.694,5.792,64.861
2020-09-26,54.643,87.315,33.193,18.491,1.158,22.826,14.406,36.403,1.487,60.155
2020-09-27,61.228,81.575,59.530,24.665,1.552,24.977,18.868,30.014,3.828,66.993
2020-09-28,57.411,68.900,43.497,20.318,1.172,29.969,11.390,71.819,5.241,58.075
2020-09-29,50.480,82.376,40.736,23.516,1.078,38.641,14.719,63.734,4.659,58.100
2020-09-30,44.825,81.636,43.810,11.131,1.239,32.995,16.199,42.593,7.832,55.665
2020-10-01,55.593,94.611,60.239,2.000,1.094,24.586,11.491,43.980,6.393,68.228
2020-10-02,53.170,89.651,32.051,21.419,1.209,34.539,18.103,78.658,6.306,59.891
2020-10-03,57.208,73.261,31.037,12.876,0.995,27.291,16.548,60.109,3.167,56.790
2020-10-04,55.162,86.816,33.961,18.938,1.533,36.233,10.199,71.912,0.563,60.418
2020-10-05,58.519,91.858,40.257,18.490,1.627,47.689,14.928,57.165,6.008,64.868
2020-10-06,45.892,100.483,26.194,27.937,1.160,27.488,16.216,44.263,7.998,58.329
2020-10-07,60.772,94.147,40.179,22.000,0.784,35.611,13.308,88.224,3.544,66.666
2020-10-08,51.883,92.961,53.548,20.829,1.043,24.782,10.661,63.939,7.891,64.539
2020-10-09,66.982,86.044,41.211,24.185,1.145,29.214,15.962,37.859,1.563,67.546
2020-10-10,44.952,89.427,37.659,21.842,1.352,30.207,21.789,54.365,2.724,56.836
2020-10-11,64.449,98.149,35.055,17.712,0.898,28.644,14.026,49.760,1.780,68.680
2020-10-12,52.248,72.448,47.188,25.357,0.969,47.241,19.929,42.845,4.064,57.296
2020-10-13,45.566,82.412,33.393,14.451,1.353,27.854,13.002,86.006,6.477,54.185
2020-10-14,47.027,78.322,54.771,21.616,1.482,34.108,15.946,82.855,3.055,57.964
2020-10-15,48.465,89.991,55.467,12.262,1.014,16.489,17.657,41.949,7.297,62.323
2020-10-16,54.559,98.663,42.054,21.020,0.800,33.024,15.363,51.129,4.586,65.289
2020-10-17,55.496,80.562,39.908,20.965,2.185,37.994,14.544,75.739,3.991,59.898
2020-10-18,46.879,62.810,48.245,28.382,1.435,26.307,17.668,42.510,6.403,51.931
2020-10-19,51.437,82.782,48.758,12.175,1.120,12.428,21.218,65.494,1.261,60.305
2020-10-20,68.942,96.240,33.552,16.996,1.461,29.729,16.503,71.988,6.303,70.054
2020-10-21,65.805,92.692,35.788,24.113,1.163,30.120,14.113,69.238,2.322,67.868
2020-10-22,55.664,91.818,29.421,21.677,1.460,35.069,15.155,72.385,2.606,61.262
2020-10-23,52.675,84.966,43.273,20.902,1.248,44.076,23.349,72.402,4.996,60.482
2020-10-24,53.536,75.215,45.333,15.219,1.227,27.340,16.263,87.888,7.265,58.399
2020-10-25,57.698,93.407,29.201,17.046,1.166,24.006,14.147,50.790,4.838,62.711
2020-10-26,44.829,80.170,36.358,26.225,0.766,21.832,12.568,82.715,5.367,53.737
2020-10-27,51.182,110.622,29.222,19.742,1.781,31.387,10.602,31.308,6.324,64.622
2020-10-28,40.129,94.763,32.810,21.877,0.918,33.355,17.250,47.292,2.445,55.055
2020-10-29,56.917,83.537,44.408,19.424,0.792,26.180,18.205,32.919,6.704,62.401
2020-10-30,59.154,83.525,34.132,14.085,1.136,35.451,15.135,69.072,3.635,61.461
2020-10-31,50.372,89.014,37.593,24.669,0.912,33.258,16.367,36.047,1.817,59.409
2020-11-01,67.097,87.861,26.982,22.516,1.184,30.303,12.990,80.742,3.126,65.303
2020-11-02,44.975,101.747,41.496,31.528,1.406,23.683,16.993,68.796,2.346,61.311
2020-11-03,43.350,92.773,39.646,14.922,1.499,26.627,18.133,31.729,2.215,57.436
2020-11-04,57.151,83.932,34.168,24.113,1.444,12.992,15.180,72.887,2.619,60.589
2020-11-05,64.031,110.501,38.488,13.442,1.108,31.651,21.956,81.722,1.857,72.863
2020-11-06,69.431,92.445,41.442,20.787,1.215,30.184,14.475,69.667,5.508,70.737
2020-11-07,52.601,100.005,33.481,24.883,1.322,31.319,17.941,31.831,4.850,62.998
2020-11-08,65.221,86.607,28.190,9.639,0.673,33.530,19.742,81.475,5.363,64.230
2020-11-09,56.609,96.702,54.445,18.975,1.371,32.701,17.074,73.948,3.078,68.204
2020-11-10,55.870,96.570,34.934,17.184,0.763,29.227,16.852,52.707,6.273,63.893
2020-11-11,64.660,74.959,39.226,16.490,1.812,30.341,13.244,49.718,1.472,62.663
2020-11-12,63.156,114.413,48.087,21.926,1.079,20.170,21.718,58.789,4.784,75.519
2020-11-13,45.680,107.579,68.232,25.603,1.145,25.914,17.254,82.026,2.566,68.760
2020-11-14,70.463,91.120,30.044,19.334,0.969,30.353,19.496,45.124,4.457,68.576
2020-11-15,70.057,84.496,43.599,21.027,1.011,24.849,20.024,36.058,2.927,69.097
2020-11-16,54.384,99.429,34.340,20.572,1.882,36.021,16.245,81.878,6.429,63.889
2020-11-17,62.933,97.261,35.690,20.009,1.482,25.390,17.663,31.577,7.185,67.783
2020-11-18,64.103,100.399,34.238,14.553,0.735,31.514,22.387,84.660,6.069,69.019
2020-11-19,62.627,99.214,30.995,25.542,1.651,30.816,15.162,48.345,1.817,67.276
2020-11-20,56.535,102.822,39.670,21.476,1.558,35.224,25.029,60.493,2.562,67.048
2020-11-21,55.966,112.701,28.204,21.974,1.116,36.306,16.545,37.938,7.395,67.434
2020-11-22,61.541,104.384,47.574,15.967,1.292,34.858,15.377,84.135,3.779,71.601
2020-11-23,71.540,88.688,40.440,17.704,1.196,15.258,19.450,74.990,7.559,70.464
2020-11-24,66.925,113.298,43.379,19.119,1.792,38.359,25.817,85.449,3.443,76.128
2020-11-25,60.034,116.572,36.270,12.329,0.961,40.691,13.600,70.994,7.638,72.243
2020-11-26,69.601,132.185,37.062,11.560,1.244,26.625,19.053,41.082,7.443,81.868
2020-11-27,41.072,89.935,42.301,16.996,1.072,31.657,21.049,48.496,5.454,55.976
2020-11-28,73.488,104.109,30.688,22.613,0.770,23.764,19.867,59.211,0.566,74.114
2020-11-29,50.822,81.376,37.136,16.734,1.857,16.361,21.059,66.435,3.503,57.251
2020-11-30,62.287,108.249,33.123,14.906,0.846,24.829,17.908,85.588,7.334,70.243
2020-12-01,56.681,97.762,32.875,15.927,1.266,26.219,18.413,53.037,7.138,64.244
2020-12-02,55.736,123.010,23.121,17.723,0.678,27.516,19.919,72.184,1.905,69.395
2020-12-03,75.840,96.566,50.715,18.231,1.080,23.288,17.128,87.661,3.494,77.033
2020-12-04,63.275,87.961,34.508,30.828,1.327,24.866,20.538,39.142,6.766,64.927
2020-12-05,70.256,100.686,49.307,25.273,0.953,29.923,19.662,81.763,4.834,75.195
2020-12-06,67.580,86.193,48.550,25.124,1.376,24.608,19.575,55.242,6.855,69.358
2020-12-07,72.246,114.013,29.712,25.843,1.119,33.805,22.105,73.945,6.699,76.269
2020-12-08,69.523,86.409,31.293,15.006,1.548,34.772,15.841,47.612,7.306,66.943
2020-12-09,59.126,107.906,60.484,13.888,1.609,46.663,20.776,50.039,1.379,74.031
2020-12-10,77.844,87.409,54.007,14.466,1.024,37.880,28.577,31.628,1.589,75.946
2020-12-11,66.412,105.553,39.748,26.673,1.223,31.702,18.529,88.284,1.121,72.821
2020-12-12,58.400,125.762,42.059,17.264,1.255,25.658,25.807,78.807,7.515,75.340
2020-12-13,67.921,113.510,34.953,13.743,1.386,32.056,22.279,35.635,4.064,75.004
2020-12-14,83.847,101.847,43.459,17.845,1.204,32.286,20.472,89.971,0.982,81.169
2020-12-15,79.141,110.751,34.263,18.807,1.257,26.407,18.485,66.301,2.911,79.648
2020-12-16,70.051,111.827,23.741,21.342,1.127,35.486,23.032,81.224,3.136,73.322
2020-12-17,70.548,116.959,29.428,21.255,1.235,20.213,27.141,34.000,6.572,76.247
2020-12-18,71.274,99.153,40.169,15.859,1.589,28.289,21.781,53.367,6.016,73.416
2020-12-19,90.967,119.338,30.951,23.428,1.394,33.891,22.875,70.179,5.670,87.475
2020-12-20,77.917,86.961,39.462,16.804,1.410,27.987,26.318,36.386,0.664,72.939
2020-12-21,78.811,108.300,31.403,19.219,1.417,28.553,24.480,59.334,7.330,78.176
2020-12-22,84.124,110.313,33.741,23.434,1.154,29.035,18.910,56.561,2.117,81.904
2020-12-23,78.304,122.126,46.825,16.791,1.296,24.151,24.095,42.962,5.218,85.155
2020-12-24,74.835,116.618,41.980,17.153,0.874,38.217,28.506,48.016,0.964,80.799
2020-12-25,75.850,102.936,39.923,22.958,1.581,22.874,24.030,88.027,1.111,76.790
2020-12-26,77.363,107.742,47.032,15.711,0.365,32.227,16.088,47.319,0.572,80.410
2020-12-27,78.154,120.180,43.845,18.076,1.174,32.896,25.648,42.806,4.744,83.900
2020-12-28,84.788,118.005,51.573,22.779,1.542,23.360,24.060,62.173,5.220,88.110
2020-12-29,79.899,113.606,36.321,30.270,0.791,30.512,19.341,70.257,0.878,81.296
2020-12-30,85.861,115.192,36.563,23.027,1.320,23.633,19.962,73.506,2.679,84.801
2020-12-31,79.871,127.564,29.591,22.363,0.996,39.737,28.097,75.255,6.886,84.123
2021-01-01,81.145,115.426,36.568,22.654,1.089,22.029,22.975,32.210,1.260,82.514
2021-01-02,65.047,120.324,47.718,14.634,1.484,25.423,22.622,53.626,2.124,78.164
2021-01-03,88.879,143.506,50.400,20.578,1.259,21.430,25.409,76.437,3.683,97.571
2021-01-04,84.836,108.171,47.682,19.851,0.590,20.496,23.755,84.291,6.817,84.406
2021-01-05,90.563,104.490,25.646,21.608,0.907,41.139,26.160,66.132,2.411,81.758
2021-01-06,59.923,131.444,48.665,20.583,1.493,33.799,25.423,33.138,7.979,79.128
2021-01-07,100.313,117.421,25.292,21.898,1.335,30.982,22.602,53.799,3.164,90.441
2021-01-08,83.002,121.622,47.185,18.443,1.724,25.404,24.839,34.454,3.398,87.425
2021-01-09,93.495,117.589,37.058,20.293,1.705,36.353,27.871,74.912,1.416,89.436
2021-01-10,76.820,123.397,45.620,13.861,1.097,24.230,26.839,33.810,5.601,84.553
2021-01-11,90.549,142.573,29.340,18.400,1.951,35.555,26.636,41.144,2.326,93.915
2021-01-12,77.726,135.200,49.369,26.954,1.207,23.892,32.863,55.018,5.217,89.297
2021-01-13,81.667,136.389,28.280,21.594,0.911,25.488,29.412,57.759,2.174,87.407
2021-01-14,102.472,114.191,34.652,19.895,1.010,35.308,29.944,54.389,3.409,92.424
2021-01-15,86.135,117.426,32.015,29.481,0.523,36.047,27.056,57.804,6.925,84.698
2021-01-16,89.898,101.128,25.966,13.196,1.682,34.182,28.380,72.794,6.042,80.481
2021-01-17,95.615,122.003,40.756,14.453,1.678,22.652,26.592,52.156,1.659,92.560
2021-01-18,93.113,140.239,54.449,28.564,0.895,26.873,30.382,62.865,5.058,99.518
2021-01-19,90.841,136.414,61.335,20.230,1.132,31.098,27.881,48.202,5.215,98.612
2021-01-20,93.045,129.598,40.777,18.787,1.229,24.055,29.042,51.218,1.179,93.558
2021-01-21,109.838,132.156,48.933,14.004,0.912,39.597,29.019,66.828,3.994,104.352
2021-01-22,90.631,126.052,41.857,22.238,0.673,13.186,28.643,59.430,2.455,91.502
2021-01-23,93.179,135.546,43.991,22.722,1.137,24.549,37.671,73.382,4.003,96.051
2021-01-24,100.450,141.711,37.263,14.528,1.104,26.433,27.015,63.632,6.328,100.191
2021-01-25,101.360,118.443,41.561,19.299,1.083,10.092,27.145,78.214,1.687,94.525
2021-01-26,102.480,138.144,44.300,18.322,1.267,20.226,31.410,56.604,1.425,101.543
2021-01-27,98.557,145.012,35.372,21.280,1.629,34.377,27.697,59.462,2.520,99.857
2021-01-28,84.762,132.073,39.380,14.404,1.109,30.212,28.761,70.198,7.642,89.879
2021-01-29,107.429,143.763,39.533,26.260,1.251,41.012,26.528,43.275,6.109,104.750
2021-01-30,85.643,165.429,46.611,24.579,1.418,40.817,31.412,53.156,0.646,101.772
2021-01-31,97.681,136.760,31.472,18.184,1.366,33.031,31.599,67.490,3.508,96.163
2021-02-01,89.668,142.253,39.588,18.918,1.016,32.193,29.289,31.733,2.430,95.427
2021-02-02,95.627,131.450,55.296,19.318,1.229,30.462,32.525,56.218,5.286,98.308
2021-02-03,99.203,141.148,49.312,16.108,1.364,11.414,24.950,65.931,3.945,101.808
2021-02-04,99.572,144.437,50.793,17.783,0.861,20.238,28.546,88.043,7.734,103.276
2021-02-05,100.799,142.276,40.195,18.649,1.579,30.705,30.298,82.621,2.142,101.122
2021-02-06,110.751,130.618,42.568,28.064,1.629,34.312,27.430,46.845,4.909,103.075
2021-02-07,101.883,143.360,48.018,24.733,0.983,32.028,25.839,60.433,5.752,103.553
2021-02-08,96.708,156.394,52.482,24.673,1.258,23.753,30.297,33.385,6.692,105.769
2021-02-09,106.776,146.726,24.387,21.850,1.393,36.562,33.436,44.445,3.552,102.283
2021-02-10,108.975,152.322,29.476,14.413,1.036,40.377,35.333,76.491,5.652,106.079
2021-02-11,90.028,140.787,50.476,19.793,1.344,36.566,29.974,37.399,2.774,97.345
2021-02-12,105.013,151.105,37.785,24.852,1.249,36.927,33.944,45.461,3.766,105.395
2021-02-13,106.221,146.840,34.626,13.709,0.760,26.085,33.780,86.643,7.217,104.088
2021-02-14,98.603,134.972,29.967,23.183,1.338,37.532,35.650,79.431,7.624,95.787
2021-02-15,112.355,148.093,35.560,31.613,0.870,31.020,31.066,76.910,5.891,107.718
2021-02-16,100.509,135.411,28.781,25.309,1.482,33.581,26.841,81.873,3.308,96.634
2021-02-17,103.067,139.411,56.729,27.070,0.999,32.558,32.565,74.976,6.650,104.703
2021-02-18,101.025,148.037,39.821,21.092,1.152,29.150,29.428,37.235,0.694,102.888
2021-02-19,102.874,149.513,39.536,24.840,1.612,23.980,30.413,60.994,1.271,104.198
2021-02-20,94.312,135.037,44.705,16.411,1.349,29.425,31.790,56.655,5.460,96.608
2021-02-21,91.888,157.850,47.699,23.979,0.876,36.907,31.786,48.669,2.684,102.839
2021-02-22,116.484,153.403,47.567,23.272,0.896,26.910,33.334,80.042,7.635,113.777
2021-02-23,97.265,141.000,48.589,21.450,1.020,36.253,35.123,57.848,3.770,100.650
2021-02-24,96.415,133.028,34.953,26.580,1.318,35.159,32.012,33.618,3.720,95.107
2021-02-25,87.417,147.303,37.617,17.306,1.307,27.907,34.402,46.498,5.586,95.423
2021-02-26,99.823,144.632,46.152,19.065,0.947,39.722,33.356,43.717,6.257,102.532
2021-02-27,94.634,150.553,35.781,20.477,0.850,27.511,36.213,83.249,4.067,99.639
2021-02-28,118.631,146.112,39.959,14.852,1.284,40.567,32.932,68.846,2.105,111.141
2021-03-01,113.841,129.982,43.190,21.135,1.145,33.039,33.351,63.623,6.300,104.553
2021-03-02,100.518,146.478,46.281,11.405,1.847,29.889,32.551,60.399,2.903,103.459
2021-03-03,124.296,147.600,25.779,25.235,1.211,23.785,33.272,69.007,1.813,111.584
2021-03-04,114.376,157.279,45.718,20.233,1.744,29.382,31.490,75.293,5.237,113.515
2021-03-05,104.161,144.237,38.130,17.396,0.849,28.574,31.272,63.263,1.178,102.978
2021-03-06,86.994,168.274,45.660,15.828,0.728,21.192,36.324,86.297,7.785,103.111
2021-03-07,125.538,132.629,46.215,18.827,0.864,28.477,30.821,88.610,5.243,111.801
2021-03-08,96.307,165.106,52.863,23.441,1.557,24.373,33.184,89.721,7.894,108.258
2021-03-09,94.466,149.991,50.828,22.739,1.727,34.102,37.256,70.163,3.042,102.396
2021-03-10,116.007,161.060,50.773,16.472,0.965,39.144,33.217,85.957,7.784,116.476
2021-03-11,127.533,153.482,51.549,15.770,1.062,21.412,36.825,54.269,1.592,120.121
2021-03-12,119.270,164.291,42.331,23.284,0.849,41.986,32.625,81.576,0.805,117.388
2021-03-13,112.879,149.222,40.257,16.388,0.657,29.100,31.302,84.550,0.747,109.258
2021-03-14,113.290,142.301,46.983,20.300,1.416,23.175,29.726,84.248,3.987,108.732
2021-03-15,115.514,167.673,45.857,20.619,1.267,35.304,38.501,79.851,1.123,117.230
2021-03-16,114.905,152.505,37.527,21.560,1.203,26.875,31.201,54.396,4.341,110.710
2021-03-17,111.222,156.016,43.239,24.291,0.780,29.428,36.899,39.534,2.956,111.064
2021-03-18,109.936,166.300,39.719,13.685,1.692,27.170,31.701,50.037,3.017,112.802
2021-03-19,108.722,143.774,33.169,10.444,1.049,24.283,38.693,76.037,5.267,104.127
2021-03-20,103.304,160.180,50.324,17.163,1.360,35.068,41.399,43.973,1.723,109.770
2021-03-21,107.194,148.447,40.442,29.008,0.764,27.996,29.753,58.696,6.249,106.219
2021-03-22,95.991,153.135,56.390,30.111,1.143,19.943,31.590,63.924,4.865,105.214
2021-03-23,108.834,155.280,26.996,29.156,1.287,33.857,37.193,66.232,7.362,106.400
2021-03-24,101.789,139.645,35.546,19.035,1.298,21.561,36.438,86.144,3.236,99.897
2021-03-25,100.938,146.939,40.261,11.089,1.246,21.927,37.253,69.690,7.870,102.603
2021-03-26,111.266,168.308,49.099,8.285,1.348,38.348,33.221,77.178,4.819,115.945
2021-03-27,121.014,163.719,43.196,16.930,0.861,21.626,40.922,64.913,7.801,118.262
2021-03-28,117.266,154.280,42.484,19.010,1.259,13.785,35.327,80.015,0.703,113.414
2021-03-29,97.389,157.376,30.982,26.503,1.234,34.360,31.333,45.820,5.960,102.104
2021-03-30,102.060,152.031,30.744,24.339,1.270,27.873,34.233,42.593,6.625,102.789
2021-03-31,117.519,168.558,42.580,21.137,1.222,28.476,31.387,85.579,0.899,117.843
2021-04-01,102.140,152.996,29.087,15.551,0.818,27.798,39.773,71.609,4.842,102.786
2021-04-02,108.200,157.316,35.745,15.196,0.805,31.622,33.018,70.292,6.515,108.444
2021-04-03,114.387,166.444,44.007,21.271,0.536,24.731,36.473,58.038,4.708,115.928
2021-04-04,102.220,147.187,32.141,23.485,1.445,40.333,33.577,52.602,0.979,101.694
2021-04-05,110.781,170.515,52.843,21.959,1.448,19.666,33.133,63.341,5.701,117.113
2021-04-06,99.228,139.578,49.791,14.827,1.453,33.114,29.236,37.234,0.954,101.446
2021-04-07,105.042,171.125,27.429,23.253,1.292,34.495,36.746,57.283,6.631,109.344
2021-04-08,112.356,151.037,32.541,22.130,0.560,24.682,38.830,57.322,0.823,107.997
2021-04-09,96.989,152.262,21.714,14.647,0.892,22.834,32.163,62.300,1.530,98.516
2021-04-10,113.184,135.704,33.739,16.078,1.251,37.120,30.251,68.081,2.563,104.051
2021-04-11,109.421,149.960,46.131,23.442,1.241,23.064,37.269,87.439,5.250,108.925
2021-04-12,113.908,144.004,36.689,18.827,1.133,25.753,29.891,69.130,7.823,107.493
2021-04-13,111.180,148.210,43.686,27.946,1.311,36.211,38.455,83.024,1.384,108.790
2021-04-14,120.193,152.787,27.821,22.506,1.203,30.243,32.047,63.378,1.570,111.497
2021-04-15,110.165,163.602,46.384,17.567,1.236,17.420,31.411,67.616,3.267,113.440
2021-04-16,105.603,155.954,35.559,19.949,1.008,42.229,35.425,34.190,6.772,106.699
2021-04-17,109.882,156.798,40.097,20.317,1.495,26.290,31.520,37.996,4.004,110.000
2021-04-18,113.108,142.600,39.257,16.358,1.071,27.181,32.466,64.780,2.912,107.185
2021-04-19,109.001,144.571,29.828,15.437,0.801,31.790,35.599,53.743,4.709,103.838
2021-04-20,108.776,171.180,30.775,23.507,0.969,34.376,27.196,77.929,2.454,111.897
2021-04-21,102.667,145.645,47.742,24.226,1.095,43.728,39.355,62.591,3.509,104.575
2021-04-22,102.803,169.353,43.192,23.019,1.498,18.380,34.500,82.937,2.995,110.846
2021-04-23,96.701,150.145,48.400,27.577,1.187,35.782,30.428,88.340,6.531,103.074
2021-04-24,121.725,152.373,42.597,17.291,1.144,35.201,31.191,38.858,7.432,115.094
2021-04-25,97.577,162.819,41.144,28.371,0.825,29.040,37.151,53.690,6.197,105.863
2021-04-26,101.775,164.590,26.192,15.495,1.436,35.511,35.909,69.899,3.793,105.503
2021-04-27,101.353,150.509,37.837,14.937,1.004,36.540,38.194,48.329,4.283,103.397
2021-04-28,114.035,147.472,39.781,11.200,1.170,20.326,31.910,46.022,1.438,109.215
2021-04-29,104.282,150.523,55.625,17.771,1.644,42.248,34.770,78.824,6.101,108.423
2021-04-30,116.382,154.180,45.496,17.481,1.353,19.089,35.080,88.823,4.974,113.544
2021-05-01,100.763,159.423,52.288,22.630,0.712,22.053,35.803,76.428,7.268,108.666
2021-05-02,108.126,150.252,44.780,21.219,0.669,28.167,37.013,61.421,2.005,108.095
2021-05-03,98.947,156.090,34.310,14.035,1.181,43.475,31.391,56.551,6.198,103.162
2021-05-04,122.519,165.967,40.937,18.036,0.836,27.842,33.110,62.379,5.635,119.237
2021-05-05,95.577,153.070,41.890,18.143,1.395,29.776,31.529,57.770,2.494,102.088
2021-05-06,107.269,152.039,32.487,11.120,1.213,40.025,33.106,60.173,5.505,105.744
2021-05-07,109.566,133.390,36.925,15.095,1.250,27.898,35.261,42.207,7.433,102.185
2021-05-08,107.505,121.919,38.354,16.146,0.988,21.751,28.103,84.225,7.388,97.999
2021-05-09,102.403,151.750,52.845,27.168,1.722,27.079,36.290,75.272,5.897,107.296
2021-05-10,102.531,146.550,23.354,20.957,2.053,39.596,29.439,70.859,0.861,99.901
2021-05-11,103.597,141.973,49.647,23.311,1.116,30.496,31.827,86.995,7.042,104.320
2021-05-12,101.741,149.171,32.506,12.507,1.306,43.515,36.371,47.064,5.433,102.123
2021-05-13,110.291,145.739,29.023,25.971,1.229,35.166,33.511,34.870,2.828,104.672
2021-05-14,119.921,157.221,49.440,26.506,1.122,25.486,33.431,79.568,1.904,117.015
2021-05-15,97.427,146.396,45.855,10.008,0.950,30.358,28.754,89.905,1.372,101.803
2021-05-16,90.572,137.649,50.036,16.473,0.875,24.027,29.045,64.706,0.877,96.588
2021-05-17,100.461,154.597,46.406,22.479,0.859,25.321,34.880,33.529,6.156,105.891
2021-05-18,121.436,142.094,56.479,23.222,1.322,61.354,30.165,76.828,2.269,114.642
2021-05-19,93.994,149.092,44.470,16.608,1.044,37.130,30.323,34.425,0.682,100.619
2021-05-20,113.155,138.608,38.748,18.473,0.427,36.028,34.572,62.401,3.480,105.909
2021-05-21,113.076,136.432,42.743,17.013,1.333,25.638,28.402,46.652,4.120,106.016
2021-05-22,94.833,143.314,49.948,20.552,1.189,40.987,32.228,84.902,1.769,100.400
2021-05-23,103.415,142.135,33.765,25.986,1.604,37.696,31.416,57.080,0.830,101.101
2021-05-24,111.486,146.333,34.785,16.145,1.312,43.171,31.145,83.908,1.918,106.600
2021-05-25,95.016,138.370,37.528,25.004,0.756,42.832,29.461,47.945,5.593,96.525
2021-05-26,96.005,122.209,23.163,16.092,0.531,19.646,29.138,53.242,1.117,89.298
2021-05-27,92.560,135.754,41.105,15.762,0.984,22.231,27.503,86.827,4.663,95.227
2021-05-28,88.670,147.524,24.911,24.093,1.012,22.973,32.044,42.079,1.598,93.574
2021-05-29,91.163,136.110,40.424,24.610,1.483,23.392,28.448,64.710,1.968,94.499
2021-05-30,86.130,136.112,46.922,24.257,1.197,32.264,33.214,53.311,3.448,93.283
2021-05-31,95.755,147.926,36.185,13.421,1.540,26.032,29.487,76.450,1.256,99.492
2021-06-01,88.877,130.424,53.417,17.670,0.803,44.508,26.837,37.758,1.799,94.249
2021-06-02,96.458,121.592,28.316,24.115,1.490,43.333,29.149,56.233,3.117,90.370
2021-06-03,81.688,134.884,49.530,20.208,1.416,29.955,28.479,71.936,2.973,91.215
2021-06-04,96.324,131.115,45.401,14.632,0.595,43.687,32.586,54.421,6.120,96.577
2021-06-05,99.884,125.756,26.272,22.292,1.597,40.417,28.298,33.512,1.061,92.923
2021-06-06,76.800,133.121,61.686,16.426,1.228,26.845,28.421,72.307,6.953,90.674
2021-06-07,95.273,139.243,39.490,28.973,1.318,15.935,33.328,60.192,6.622,97.307
2021-06-08,101.629,133.683,32.980,27.724,0.941,28.474,30.461,30.679,6.245,97.515
2021-06-09,81.654,136.290,28.743,23.020,1.583,25.488,33.765,66.759,2.820,87.463
2021-06-10,104.232,150.794,38.240,26.805,0.844,31.446,32.394,85.193,6.672,105.002
2021-06-11,93.721,128.668,38.981,20.324,1.450,30.625,25.795,36.662,1.871,93.257
2021-06-12,84.242,134.313,40.821,23.827,1.446,30.441,31.264,65.440,1.433,90.579
2021-06-13,88.947,125.867,37.618,27.389,0.908,33.666,32.707,73.720,0.837,89.757
2021-06-14,93.368,121.921,45.066,21.227,1.795,21.512,32.566,34.246,7.545,92.274
2021-06-15,89.015,123.959,36.899,18.724,1.269,32.880,30.767,31.357,2.810,89.075
2021-06-16,92.220,124.441,24.520,11.477,1.396,26.923,30.539,57.852,7.382,88.346
2021-06-17,80.045,132.241,38.805,19.584,0.742,31.400,26.562,77.471,2.545,87.456
2021-06-18,88.264,151.551,21.060,24.117,1.835,36.702,24.791,39.643,7.307,93.810
2021-06-19,75.096,120.313,42.830,24.728,0.833,21.429,26.079,80.198,7.279,82.208
2021-06-20,85.010,122.717,32.166,22.522,1.507,28.031,21.972,69.395,7.428,85.753
2021-06-21,78.162,125.661,41.307,17.294,0.902,29.170,30.826,49.930,4.221,85.040
2021-06-22,79.000,129.656,50.513,10.116,1.014,26.400,25.778,60.950,6.995,88.499
2021-06-23,94.263,127.738,32.410,17.524,1.437,36.299,30.332,87.934,7.631,91.935
2021-06-24,92.593,137.347,48.490,18.478,1.508,24.957,22.593,42.986,2.935,97.199
2021-06-25,88.223,99.644,36.533,18.435,0.819,26.112,29.364,59.972,3.642,81.311
2021-06-26,74.098,99.439,54.026,23.093,1.527,25.031,24.461,67.469,5.894,77.686
2021-06-27,79.790,117.750,37.079,29.928,1.513,37.644,21.921,38.281,2.753,82.636
2021-06-28,91.511,133.080,33.276,20.618,0.919,26.553,30.483,32.611,6.154,92.335
2021-06-29,82.424,105.849,45.498,18.916,1.680,33.220,28.752,30.808,1.054,82.067
2021-06-30,99.329,90.827,36.514,18.704,0.763,43.830,25.894,49.482,4.426,84.216
2021-07-01,83.405,126.013,33.268,20.622,1.013,29.476,25.188,34.437,1.417,86.160
2021-07-02,81.278,122.135,36.177,15.859,1.344,37.784,26.232,78.226,2.700,84.515
2021-07-03,76.753,108.194,39.643,20.601,0.944,41.699,25.326,89.839,2.440,78.763
2021-07-04,79.778,108.639,50.737,22.254,1.279,37.190,22.193,33.678,6.792,82.628
2021-07-05,76.974,108.195,24.527,21.048,1.272,29.882,23.162,55.964,1.951,75.851
2021-07-06,83.343,118.397,40.185,22.288,1.144,34.495,30.108,31.544,6.563,85.228
2021-07-07,84.818,110.428,44.999,22.169,1.450,20.988,32.071,38.039,6.455,84.537
2021-07-08,70.362,121.033,41.548,11.141,1.131,24.540,28.571,49.375,4.242,79.800
2021-07-09,65.488,86.948,50.479,23.184,1.269,25.767,25.147,53.622,2.254,68.924
2021-07-10,60.936,106.329,39.405,16.645,1.544,45.684,22.529,86.387,2.202,70.248
2021-07-11,79.180,103.041,38.524,14.521,1.437,24.312,20.977,53.750,3.987,78.207
2021-07-12,65.780,111.145,44.739,14.478,1.436,24.208,21.005,59.777,0.566,75.181
2021-07-13,56.877,107.736,40.795,22.168,0.855,22.693,21.373,44.735,4.485,68.918
2021-07-14,76.703,120.505,36.877,18.887,1.357,33.919,29.318,30.008,7.646,81.878
2021-07-15,93.035,93.346,44.129,11.590,0.936,30.998,28.116,83.960,1.660,83.347
2021-07-16,72.541,111.809,34.780,22.390,0.816,37.607,24.769,34.903,4.800,76.769
2021-07-17,78.798,116.355,35.111,12.802,1.178,34.699,19.482,87.855,7.713,81.328
2021-07-18,72.248,128.758,35.776,20.699,0.929,20.337,24.877,37.851,6.954,81.907
2021-07-19,70.307,104.797,50.825,21.192,1.437,24.349,21.317,66.293,6.878,76.758
2021-07-20,77.959,112.286,14.232,24.428,1.444,39.557,15.410,89.965,6.664,75.512
2021-07-21,67.796,90.432,43.165,28.908,0.629,28.577,22.567,38.308,2.818,69.660
2021-07-22,71.771,83.984,40.274,13.177,0.952,38.313,19.018,55.437,7.180,69.135
2021-07-23,71.722,115.788,26.553,19.738,0.762,28.952,18.959,76.825,7.560,75.908
2021-07-24,63.324,106.725,42.478,18.618,1.061,23.226,20.472,31.931,4.218,72.175
2021-07-25,76.129,118.009,43.806,22.169,1.337,27.877,19.569,71.387,3.159,82.228
2021-07-26,66.320,91.939,44.717,21.078,1.127,23.224,20.804,34.822,3.607,69.685
2021-07-27,61.204,110.324,18.785,18.237,1.023,26.041,20.503,44.191,3.007,67.456
2021-07-28,71.077,123.270,50.931,17.795,1.590,31.406,14.967,39.605,2.093,82.705
2021-07-29,59.135,108.240,34.098,14.418,0.509,33.581,25.002,84.440,5.138,68.859
2021-07-30,66.091,106.275,45.493,24.939,1.571,18.869,17.338,40.827,4.719,74.026
2021-07-31,65.339,103.066,45.929,22.296,1.037,29.878,17.280,32.426,3.969,72.775
2021-08-01,73.650,86.748,32.986,24.589,1.177,25.894,19.002,65.258,1.219,69.447
2021-08-02,68.316,115.494,45.284,18.448,1.042,25.461,19.514,50.771,6.477,77.863
2021-08-03,63.878,95.316,36.916,16.716,1.663,30.929,24.070,54.342,1.812,67.917
2021-08-04,70.185,105.961,23.429,14.608,0.831,26.147,20.356,37.144,1.359,71.567
2021-08-05,74.334,84.784,49.342,21.795,1.204,39.675,21.104,74.894,5.173,72.471
2021-08-06,67.249,88.123,33.800,14.801,1.358,38.316,20.086,66.093,3.490,66.822
2021-08-07,62.449,113.778,33.164,29.243,0.717,38.273,19.817,51.853,0.949,71.991
2021-08-08,51.457,95.470,36.775,13.462,0.924,26.536,19.913,40.294,3.167,61.724
2021-08-09,53.021,112.998,42.178,21.368,1.156,23.263,13.049,65.607,6.288,68.845
2021-08-10,58.695,97.211,39.542,27.834,0.934,30.574,17.963,76.716,5.114,66.419
2021-08-11,55.862,79.109,44.385,22.995,0.955,28.948,22.066,48.744,3.221,60.541
2021-08-12,58.850,105.990,29.284,20.878,1.095,25.738,30.275,31.552,1.939,67.079
2021-08-13,60.411,90.719,34.061,15.158,1.395,21.770,14.706,42.861,5.238,64.233
2021-08-14,63.814,103.160,39.072,13.091,1.097,29.709,19.462,70.944,7.157,70.670
2021-08-15,58.638,95.987,55.183,23.850,1.524,27.172,16.354,89.346,5.347,69.152
2021-08-16,62.725,79.873,39.089,27.531,0.901,34.818,24.087,30.803,6.597,63.142
2021-08-17,58.985,96.524,48.682,17.806,0.824,34.656,13.762,48.369,4.411,68.186
2021-08-18,42.310,116.428,40.308,14.305,1.778,37.706,19.579,33.721,5.885,64.145
2021-08-19,50.249,98.987,36.131,7.709,1.003,21.185,13.366,48.981,7.222,62.047
2021-08-20,56.267,93.081,38.026,15.096,0.807,32.807,16.518,54.355,6.299,63.663
2021-08-21,47.406,104.017,38.653,19.432,0.677,24.908,17.258,85.252,7.324,62.639
2021-08-22,61.553,94.986,44.829,27.996,1.523,21.457,20.460,34.834,3.734,68.238
2021-08-23,68.677,94.598,50.997,23.366,1.098,27.000,13.912,76.628,7.282,72.917
2021-08-24,65.865,81.217,42.877,21.525,1.124,37.481,19.028,53.732,5.162,65.873
2021-08-25,54.098,94.112,49.497,17.999,1.152,27.394,16.992,78.676,7.025,65.182
2021-08-26,67.430,101.776,32.282,17.084,1.504,40.958,17.653,60.804,0.795,70.704
2021-08-27,56.399,82.717,36.683,27.028,1.146,33.842,19.611,32.357,5.434,60.351
2021-08-28,52.226,104.988,34.206,21.004,1.903,27.241,12.793,86.772,6.860,64.450
2021-08-29,49.735,89.499,42.516,9.487,1.240,38.120,18.979,34.964,1.807,60.221
2021-08-30,51.951,81.221,37.128,16.632,1.519,33.118,14.750,65.861,5.463,57.767
2021-08-31,51.000,99.766,45.838,15.709,1.442,23.472,19.656,82.660,6.687,64.598
2021-09-01,55.212,86.622,32.552,17.269,1.189,43.012,17.287,34.786,2.660,60.103
2021-09-02,54.884,96.795,40.344,22.815,1.024,31.816,15.571,63.234,3.539,64.549
2021-09-03,53.383,86.000,45.495,19.463,1.300,30.132,14.349,79.457,4.771,61.590
2021-09-04,56.620,88.047,23.478,19.616,1.353,24.011,18.511,89.179,4.394,59.420
2021-09-05,62.424,93.318,56.973,26.567,1.028,38.257,19.749,73.460,0.794,70.602
2021-09-06,60.278,91.038,37.735,16.518,1.250,33.621,14.295,46.700,1.240,64.997
2021-09-07,40.593,67.929,23.800,29.321,1.571,34.405,12.425,71.974,1.253,45.435
2021-09-08,31.840,76.437,41.265,16.643,1.821,26.447,17.840,72.346,2.467,47.104
2021-09-09,59.553,96.719,40.268,20.446,1.456,35.839,11.347,71.998,2.344,66.846
2021-09-10,40.959,85.888,39.345,18.594,1.759,36.383,11.715,81.256,6.067,54.115
2021-09-11,49.919,81.766,47.930,20.617,1.011,25.319,12.384,35.243,4.796,59.075
2021-09-12,42.188,73.222,45.980,22.223,1.411,20.081,14.270,36.505,6.230,52.257
2021-09-13,36.974,75.824,42.383,22.169,1.602,34.070,11.454,68.437,1.024,49.711
2021-09-14,55.570,66.227,43.601,16.234,0.931,18.987,9.596,87.233,4.139,56.373
2021-09-15,57.169,85.266,39.165,14.385,1.054,31.064,11.959,57.950,2.928,61.997
2021-09-16,46.350,80.138,54.204,32.516,1.721,26.869,17.248,87.634,6.875,58.057
2021-09-17,30.108,76.310,28.166,17.580,0.907,38.531,11.464,86.285,5.808,43.580
2021-09-18,46.350,85.158,41.117,23.496,0.798,27.250,14.219,84.175,7.019,56.946
2021-09-19,53.746,89.353,40.520,11.962,1.658,37.751,21.044,84.591,0.848,61.783
2021-09-20,38.681,106.530,46.506,18.602,1.559,26.401,15.023,83.899,5.906,60.601
2021-09-21,51.888,70.373,33.249,19.364,1.330,37.000,16.168,79.193,4.550,53.706
2021-09-22,50.217,96.990,26.051,22.364,1.186,44.422,12.275,71.699,6.688,59.416
2021-09-23,54.901,95.042,41.255,6.388,1.068,22.524,21.579,31.464,4.304,64.214
2021-09-24,51.159,77.445,42.250,20.831,1.285,32.044,13.444,37.935,4.552,57.263
2021-09-25,42.362,87.204,51.917,14.251,1.674,49.241,14.365,38.054,0.888,57.726
2021-09-26,59.673,80.541,29.837,21.622,1.272,30.466,18.985,31.412,5.514,59.966
2021-09-27,48.794,86.930,49.238,14.818,1.850,30.433,14.476,37.002,2.549,60.324
2021-09-28,49.815,100.131,58.939,15.723,0.931,35.519,15.155,85.185,0.648,66.735
2021-09-29,42.547,91.072,36.978,18.632,1.194,30.288,14.159,69.828,0.998,55.991
2021-09-30,46.456,90.089,29.672,14.738,1.088,18.049,14.176,48.724,7.680,56.189
2021-10-01,42.922,80.697,36.744,17.622,0.874,37.926,16.112,77.602,3.096,53.019
2021-10-02,48.623,70.168,40.112,14.033,1.154,15.979,16.661,59.302,7.011,53.384
2021-10-03,63.716,82.942,44.510,10.834,1.325,27.082,13.078,38.528,7.698,65.643
2021-10-04,39.072,97.121,35.269,25.090,1.357,38.452,12.717,83.070,7.575,55.726
2021-10-05,37.172,69.822,52.442,13.520,1.851,27.504,13.199,50.320,7.113,50.021
2021-10-06,61.892,74.592,31.084,19.107,1.339,25.144,10.837,71.932,7.211,59.540
2021-10-07,48.499,86.465,26.086,23.764,1.545,36.155,10.287,47.436,2.668,55.406
2021-10-08,44.881,75.426,48.854,16.925,1.220,24.042,15.969,60.004,1.636,54.839
2021-10-09,58.621,77.427,21.803,15.874,1.703,21.444,17.916,78.975,5.294,56.899
2021-10-10,45.535,81.207,38.367,21.131,1.920,31.922,17.740,39.407,4.161,54.803
2021-10-11,65.074,71.887,64.941,25.590,1.359,28.720,8.009,88.635,1.241,67.091
2021-10-12,55.984,75.913,39.904,14.153,0.902,21.294,14.452,34.213,5.582,58.747
2021-10-13,46.761,92.810,31.034,19.249,1.035,34.459,11.915,62.041,4.721,57.430
2021-10-14,68.035,72.833,39.541,11.338,1.285,33.251,15.690,84.962,6.973,63.776
2021-10-15,46.052,70.069,39.594,18.034,1.337,27.482,14.046,86.742,5.069,51.966
2021-10-16,56.965,79.899,41.285,20.171,1.410,27.961,17.118,43.927,4.805,60.709
2021-10-17,53.560,93.680,45.298,15.727,1.338,33.293,15.331,38.639,3.806,63.944
2021-10-18,61.727,84.563,31.687,17.715,1.202,38.333,9.750,73.464,3.971,62.570
2021-10-19,63.960,82.067,53.500,12.959,1.009,28.020,12.588,32.518,7.658,67.300
2021-10-20,51.888,87.348,41.961,20.385,1.320,34.583,15.561,59.114,1.538,60.541
2021-10-21,45.777,69.648,45.814,25.278,1.756,33.956,15.872,77.781,3.847,52.946
2021-10-22,55.665,92.263,34.975,14.514,1.506,36.155,11.445,63.615,5.419,62.506
2021-10-23,46.752,91.370,50.291,16.887,1.360,30.275,11.115,41.281,3.748,60.845
2021-10-24,68.478,83.673,37.944,22.513,1.509,23.614,15.959,59.223,2.624,66.930
2021-10-25,53.668,98.065,42.220,26.060,1.089,26.763,11.648,85.276,2.655,64.698
2021-10-26,49.867,76.980,32.535,12.534,1.048,32.400,10.924,67.033,2.252,54.534
2021-10-27,54.489,99.792,32.025,19.156,0.976,42.729,14.668,73.289,3.079,63.587
2021-10-28,42.464,90.326,45.506,21.416,1.162,26.612,14.615,50.176,7.038,57.431
2021-10-29,45.705,85.692,36.451,19.490,1.073,35.634,13.524,41.309,4.289,55.850
2021-10-30,63.327,89.145,33.169,7.616,1.562,27.704,14.130,45.339,2.302,65.041
2021-10-31,48.721,88.566,34.855,22.505,1.057,30.773,16.367,61.991,3.384,57.901
2021-11-01,45.862,102.146,45.592,27.597,0.959,40.608,14.252,46.813,1.294,62.693
2021-11-02,58.799,79.490,34.968,20.583,1.783,35.350,16.714,62.518,7.280,60.240
2021-11-03,64.267,82.953,39.059,14.844,1.065,21.311,15.452,72.468,3.561,64.831
2021-11-04,60.817,101.272,40.120,17.434,1.246,25.993,17.191,74.064,7.853,68.814
2021-11-05,63.324,85.293,24.661,28.850,1.335,38.794,19.420,39.881,3.107,62.182
2021-11-06,49.599,100.601,28.231,24.550,0.859,30.993,19.402,75.026,6.773,60.626
2021-11-07,44.585,108.947,42.690,23.200,1.571,21.958,20.851,70.361,2.423,63.514
2021-11-08,68.282,88.299,34.104,21.782,1.391,24.267,19.605,30.720,1.071,67.452
2021-11-09,54.010,99.503,48.454,16.694,1.668,34.924,17.913,33.532,0.738,66.547
2021-11-10,54.911,81.534,47.734,18.997,0.996,36.961,16.006,68.775,5.046,61.462
2021-11-11,67.876,101.007,45.753,19.610,1.230,30.125,16.254,53.022,2.837,73.391
2021-11-12,62.041,95.850,54.558,22.748,1.212,47.327,14.897,38.766,3.826,70.687
2021-11-13,61.585,98.991,39.335,27.545,1.279,35.769,17.659,32.664,6.640,68.357
2021-11-14,75.611,88.217,45.191,25.592,0.764,28.296,19.856,39.564,2.361,73.309
2021-11-15,53.502,78.481,35.325,12.903,1.233,24.290,15.706,87.451,2.815,57.360
2021-11-16,66.439,100.551,59.619,21.120,0.772,23.176,17.894,73.654,6.840,75.309
2021-11-17,59.845,75.319,55.869,23.684,1.308,32.348,16.097,61.662,4.196,63.692
2021-11-18,61.915,93.221,40.095,23.094,0.561,26.579,18.884,86.492,6.707,66.943
2021-11-19,72.379,106.255,43.093,16.854,0.645,41.716,16.736,67.147,3.309,76.684
2021-11-20,64.604,99.217,50.874,34.571,1.446,40.264,16.295,73.539,3.488,72.242
2021-11-21,65.243,117.243,38.823,13.615,1.036,34.431,16.606,46.959,1.754,75.559
2021-11-22,69.919,108.479,34.747,14.584,0.904,21.747,20.290,65.339,7.373,74.453
2021-11-23,58.826,92.164,46.992,21.168,1.581,25.294,18.625,38.609,7.226,66.461
2021-11-24,55.445,99.458,40.628,30.584,1.298,38.790,17.767,54.269,7.882,65.685
2021-11-25,54.218,99.198,41.464,15.819,1.462,26.059,19.976,31.994,3.518,65.161
2021-11-26,47.268,84.344,33.326,18.671,1.150,37.855,18.089,42.998,6.640,55.602
2021-11-27,79.877,91.261,26.259,25.386,2.004,33.322,22.855,34.492,3.612,72.568
2021-11-28,55.034,95.562,41.889,19.911,1.019,30.362,16.698,53.267,3.907,64.564
2021-11-29,62.528,81.318,47.240,18.327,1.723,25.080,19.205,80.582,6.725,65.107
2021-11-30,62.525,102.671,38.194,22.828,1.182,29.340,15.699,52.676,1.830,69.703
2021-12-01,67.646,100.227,51.491,21.363,0.704,31.328,19.022,79.898,2.152,74.189
2021-12-02,72.164,86.515,34.369,25.152,1.345,37.228,15.174,69.390,2.860,68.910
2021-12-03,72.977,107.818,31.562,26.457,1.294,23.800,22.603,60.572,6.411,75.146
2021-12-04,61.889,111.471,39.462,21.535,0.885,28.160,22.817,44.214,3.295,72.278
2021-12-05,65.680,107.123,39.339,21.459,0.923,30.314,23.025,85.329,3.186,72.845
2021-12-06,69.745,102.158,46.160,21.071,1.193,34.639,20.915,33.252,7.991,74.752
2021-12-07,65.966,111.862,33.800,22.446,1.305,23.641,18.346,71.335,3.379,73.302
2021-12-08,81.289,113.304,50.945,20.276,0.459,20.784,18.742,67.274,2.358,84.825
2021-12-09,72.836,110.134,55.735,19.997,1.516,34.718,25.893,56.462,5.174,80.605
2021-12-10,75.269,99.375,39.687,25.983,1.052,19.374,25.770,44.419,6.514,75.384
2021-12-11,75.177,110.953,49.998,27.581,0.800,38.995,21.992,55.842,1.022,80.874
2021-12-12,79.750,120.710,31.548,12.462,1.482,28.909,20.240,82.366,5.142,82.398
2021-12-13,72.301,103.361,48.602,20.050,1.193,19.167,26.057,80.206,0.768,76.879
2021-12-14,60.971,130.883,48.378,16.557,1.565,26.637,20.032,86.483,4.447,79.426
2021-12-15,75.039,105.225,46.907,18.445,1.331,32.654,22.967,48.468,2.427,78.468
2021-12-16,67.129,111.387,39.875,22.013,1.200,26.271,26.502,53.226,2.800,74.955
2021-12-17,68.611,104.922,16.366,23.347,1.154,30.140,20.104,31.124,4.003,69.055
2021-12-18,78.033,114.465,34.866,19.439,1.345,35.181,25.268,86.577,7.453,80.330
2021-12-19,83.753,95.399,34.993,10.433,1.076,28.585,24.511,49.763,5.830,77.495
2021-12-20,74.523,107.952,32.174,15.175,0.944,23.441,22.999,54.250,7.526,76.082
2021-12-21,77.332,103.084,40.978,24.482,1.383,27.907,20.307,84.468,5.450,77.787
2021-12-22,88.988,115.953,36.648,6.298,1.157,39.904,21.284,61.596,0.553,86.610
2021-12-23,77.808,125.140,33.403,25.937,1.210,41.795,24.496,63.970,2.492,83.126
2021-12-24,97.207,122.253,31.530,22.606,1.527,15.861,19.528,40.574,7.293,91.585
2021-12-25,81.431,92.675,34.276,26.581,1.166,37.637,24.361,59.920,5.326,75.373
2021-12-26,63.335,137.412,48.972,19.007,1.205,31.751,25.764,85.093,7.862,82.685
2021-12-27,83.963,120.545,34.712,9.693,1.020,36.468,27.268,63.523,1.670,85.087
2021-12-28,81.501,110.428,35.880,22.152,1.329,26.147,20.289,45.307,2.726,81.055
2021-12-29,89.285,120.367,36.346,26.373,1.305,17.622,28.605,31.871,3.218,88.022
2021-12-30,84.869,121.159,42.712,24.624,1.470,34.091,29.914,50.178,2.949,87.325
2021-12-31,78.892,113.332,43.650,16.687,1.026,23.413,26.230,64.355,2.390,82.176
2022-01-01,70.722,122.582,15.643,20.434,1.063,20.282,22.058,32.557,3.826,75.264
2022-01-02,79.360,115.130,48.173,17.336,1.438,20.771,24.360,66.588,5.317,83.854
2022-01-03,74.744,117.763,51.491,15.904,1.276,34.206,25.373,61.405,2.834,82.999
2022-01-04,77.420,115.545,31.599,24.777,0.928,30.976,26.499,77.006,1.098,79.693
2022-01-05,87.288,108.682,32.222,14.012,1.592,35.477,25.926,31.733,5.814,82.693
2022-01-06,96.452,125.067,36.398,15.531,0.690,34.684,26.875,76.851,3.943,93.026
2022-01-07,86.764,130.060,33.952,14.480,1.435,27.053,25.930,61.253,4.674,89.190
2022-01-08,74.551,129.954,41.791,12.549,0.820,29.507,27.168,52.232,3.916,84.620
2022-01-09,88.186,133.600,24.428,20.732,1.766,26.420,25.162,87.923,7.178,89.059
2022-01-10,94.712,129.239,31.057,25.808,0.737,28.528,25.698,39.607,4.691,92.339
2022-01-11,80.769,121.261,52.314,19.076,1.546,23.229,25.154,62.480,7.425,87.225
2022-01-12,85.081,135.575,32.574,12.471,1.176,32.733,32.803,49.259,4.329,89.728
2022-01-13,86.775,114.192,49.947,24.200,1.090,37.526,31.611,61.649,2.694,87.635
2022-01-14,80.881,119.347,42.843,28.429,1.256,24.284,29.053,63.137,3.166,84.813
2022-01-15,92.847,119.295,25.526,16.769,1.390,38.969,31.529,35.367,4.416,87.317
2022-01-16,87.191,140.319,45.083,17.607,0.929,30.795,30.115,69.668,4.475,94.708
2022-01-17,92.011,139.525,39.059,22.578,0.955,31.688,28.429,68.069,5.655,95.675
2022-01-18,82.048,135.545,36.356,28.109,1.395,18.104,23.532,76.168,2.184,88.959
2022-01-19,86.138,141.964,41.960,17.401,0.688,17.349,27.426,35.440,5.441,94.050
2022-01-20,95.905,123.020,43.797,13.338,1.025,31.009,27.370,47.836,6.339,93.618
2022-01-21,87.628,135.865,45.661,23.157,2.112,35.528,25.138,69.007,5.574,93.705
2022-01-22,104.907,131.689,49.426,23.995,0.910,25.300,24.239,38.204,4.114,101.846
2022-01-23,88.373,141.967,43.265,20.031,1.544,41.691,30.335,70.656,7.938,95.430
2022-01-24,93.842,132.900,28.995,17.209,1.024,35.145,29.988,33.542,3.536,92.590
2022-01-25,99.977,130.752,36.211,24.972,1.353,23.642,25.670,50.096,1.299,96.456
2022-01-26,81.636,140.556,63.544,22.640,1.396,30.216,27.090,80.803,6.661,95.694
2022-01-27,79.360,144.450,45.796,16.158,1.539,47.339,32.966,76.457,2.092,92.174
2022-01-28,81.701,129.541,58.954,20.245,1.140,21.302,27.002,68.686,5.850,91.504
2022-01-29,104.463,136.145,51.163,13.241,1.797,33.698,30.300,82.228,1.842,103.308
2022-01-30,90.398,126.698,41.934,23.429,1.023,27.741,29.368,72.556,0.627,91.595
2022-01-31,115.726,112.823,42.411,18.689,1.270,34.948,31.606,61.163,1.698,100.192
2022-02-01,91.188,140.324,39.707,17.821,1.274,38.871,27.666,88.783,3.327,95.633
2022-02-02,97.617,144.919,26.098,19.836,0.863,27.296,30.650,71.691,1.300,97.504
2022-02-03,108.910,141.956,40.144,20.202,1.114,37.832,31.031,66.082,1.983,105.071
2022-02-04,113.050,120.339,49.685,24.475,1.248,45.548,31.358,54.532,6.235,102.564
2022-02-05,113.916,136.820,35.203,22.955,1.070,30.464,31.045,84.145,6.274,105.044
2022-02-06,107.509,118.632,43.296,19.218,1.932,35.494,31.981,47.743,6.631,98.003
2022-02-07,106.447,154.994,46.813,23.818,0.948,25.867,37.660,30.553,6.809,109.084
2022-02-08,103.402,130.911,32.723,22.004,1.554,30.135,38.904,41.804,3.653,97.519
2022-02-09,105.290,154.794,36.390,17.867,1.457,28.763,29.437,36.571,7.007,106.361
2022-02-10,95.049,152.161,31.857,19.376,1.196,35.579,24.532,49.140,4.445,99.544
2022-02-11,93.303,134.151,33.423,19.259,0.940,38.433,33.403,79.553,4.029,93.582
2022-02-12,100.206,132.278,29.699,22.526,0.970,29.232,32.303,69.092,5.889,95.726
2022-02-13,99.250,147.551,32.796,18.165,1.045,40.735,35.054,40.139,2.104,100.450
2022-02-14,97.358,136.038,51.356,18.048,0.664,40.710,32.849,77.329,6.421,99.761
2022-02-15,106.921,145.933,32.676,29.844,0.899,35.928,32.292,60.253,3.721,103.775
2022-02-16,109.352,140.499,41.012,24.699,0.755,26.388,35.623,60.763,1.455,105.028
2022-02-17,102.770,127.928,35.977,16.197,1.604,25.717,36.161,51.727,1.395,96.959
2022-02-18,114.229,123.839,49.431,22.855,1.386,24.313,28.310,81.877,1.737,104.153
2022-02-19,93.616,148.808,50.489,20.592,1.436,36.644,30.133,49.100,7.179,101.548
2022-02-20,101.533,141.314,46.913,21.958,1.377,21.518,32.377,35.648,7.932,102.543
2022-02-21,97.674,141.779,42.449,20.687,1.250,34.738,33.098,48.164,3.177,99.861
2022-02-22,88.796,154.642,38.152,25.948,1.638,22.432,32.232,72.921,2.691,98.421
2022-02-23,103.379,159.782,30.465,21.728,1.017,35.765,34.316,69.455,2.141,105.717
2022-02-24,103.372,145.678,55.548,19.690,1.232,30.121,36.104,41.281,6.679,106.499
2022-02-25,116.752,145.346,33.923,25.211,1.424,39.335,38.383,36.707,2.069,108.764
2022-02-26,109.982,154.092,45.309,21.166,0.804,37.990,35.048,69.652,7.431,110.280
2022-02-27,97.025,135.852,48.477,20.607,2.129,40.045,30.849,70.583,5.505,98.964
2022-02-28,120.327,151.975,35.558,21.570,1.209,40.226,33.056,51.969,7.228,112.868
2022-03-01,115.531,155.576,48.304,19.532,1.243,31.005,33.362,80.568,4.655,114.099
2022-03-02,110.680,157.163,46.114,20.046,1.577,21.888,35.218,88.692,5.680,111.712
2022-03-03,104.465,131.289,53.824,17.067,1.474,22.632,34.923,42.339,5.146,102.384
2022-03-04,98.847,143.329,36.245,16.244,1.211,15.392,39.992,64.624,6.734,99.671
2022-03-05,103.782,142.437,29.713,15.007,1.239,22.414,32.535,30.321,6.769,100.565
2022-03-06,115.699,152.486,35.956,13.040,0.749,30.482,35.151,72.783,4.923,110.786
2022-03-07,122.287,156.553,41.671,15.601,1.033,26.082,41.134,54.857,5.244,116.444
2022-03-08,119.770,166.962,40.466,19.129,1.355,28.739,32.386,41.596,7.414,118.067
2022-03-09,103.718,147.284,36.852,20.516,1.333,33.449,34.645,75.133,7.474,103.415
2022-03-10,98.869,147.488,24.726,18.644,1.566,27.872,31.441,78.639,5.482,98.626
2022-03-11,109.142,164.181,43.764,8.221,1.164,22.147,34.585,36.670,0.558,112.578
2022-03-12,94.048,155.861,55.779,27.873,0.784,29.627,32.058,32.460,1.283,104.938
2022-03-13,110.953,165.772,43.714,25.432,1.517,23.711,37.596,50.045,6.935,113.951
2022-03-14,107.351,156.174,44.873,22.229,1.631,28.104,34.953,67.559,1.135,109.502
2022-03-15,104.959,141.897,44.580,29.537,1.469,39.399,31.756,77.605,2.101,103.964
2022-03-16,96.076,140.308,43.176,15.113,1.151,28.106,37.133,62.764,2.229,98.766
2022-03-17,113.081,138.286,47.453,29.438,1.513,42.397,35.196,64.845,5.002,107.517
2022-03-18,104.840,160.573,43.163,15.174,2.229,40.021,37.559,77.991,4.825,109.225
2022-03-19,99.864,165.979,37.499,21.194,1.235,25.945,31.298,61.731,2.671,107.225
2022-03-20,86.357,172.718,33.632,13.631,0.806,22.222,35.885,66.669,2.057,101.721
2022-03-21,109.219,162.777,38.008,20.073,1.024,29.632,37.133,60.973,6.234,111.044
2022-03-22,123.712,166.085,42.513,21.931,1.388,38.073,33.575,82.827,7.516,120.184
2022-03-23,122.911,148.757,37.471,19.227,0.719,26.569,31.096,44.131,0.896,113.577
2022-03-24,106.041,143.083,42.515,23.569,1.251,36.357,34.775,45.840,1.499,104.449
2022-03-25,104.949,163.229,43.513,20.495,1.314,38.459,38.607,37.678,5.316,110.146
2022-03-26,113.577,158.974,46.665,17.388,1.661,24.582,38.320,79.168,6.533,113.814
2022-03-27,101.890,155.932,50.262,17.166,1.593,25.268,33.674,54.707,6.434,107.777
2022-03-28,112.334,158.780,40.624,24.055,1.459,34.989,31.124,50.874,5.898,111.926
2022-03-29,116.082,158.177,29.538,16.731,0.551,31.063,33.691,88.881,7.156,111.402
2022-03-30,119.793,167.812,37.239,24.577,1.476,25.198,33.587,85.608,2.130,117.688
2022-03-31,109.192,167.942,40.353,26.114,1.412,27.535,36.337,88.319,1.305,113.049
2022-04-01,108.370,160.442,25.314,11.656,1.277,29.506,34.685,38.538,5.115,107.380
2022-04-02,102.974,163.455,51.109,25.665,0.681,19.046,32.739,83.475,6.667,110.745
2022-04-03,103.371,160.125,41.139,30.302,0.967,35.360,38.308,49.723,4.865,107.951
2022-04-04,108.155,150.349,43.051,21.260,0.850,26.649,35.410,30.759,7.722,107.792
2022-04-05,112.876,162.493,50.924,22.995,0.595,10.514,36.285,53.478,6.467,115.371
2022-04-06,117.208,140.938,34.959,25.185,1.199,29.833,29.792,60.552,5.756,107.877
2022-04-07,103.428,165.368,44.592,18.623,0.961,24.809,27.678,36.493,0.952,110.243
2022-04-08,121.739,142.819,39.121,20.911,1.988,41.822,30.620,62.261,1.308,111.539
2022-04-09,107.564,157.547,38.527,13.429,1.149,25.902,33.470,79.168,6.386,108.752
2022-04-10,109.489,146.152,33.822,20.693,1.588,22.316,36.616,52.659,1.987,105.355
2022-04-11,103.601,160.042,53.325,22.491,0.729,33.556,27.833,51.159,0.716,110.478
2022-04-12,90.094,154.063,36.996,22.581,1.041,25.377,39.608,50.329,7.331,98.665
2022-04-13,116.461,138.339,45.596,25.327,1.229,24.544,35.308,85.386,7.181,108.851
2022-04-14,115.175,158.367,25.000,16.126,0.928,33.567,38.841,32.925,2.139,110.098
2022-04-15,106.913,148.245,49.440,17.337,1.073,22.717,32.063,56.705,6.352,107.818
2022-04-16,109.574,162.689,48.418,29.478,1.135,19.799,36.191,45.876,0.860,113.277
2022-04-17,113.032,153.735,40.779,19.248,1.130,42.082,34.890,83.628,2.638,110.792
2022-04-18,96.261,157.509,38.184,21.000,1.757,34.056,37.040,35.763,5.178,103.020
2022-04-19,104.378,143.803,43.200,19.665,1.313,28.151,33.835,54.687,6.224,103.970
2022-04-20,114.805,147.299,58.310,15.892,1.344,29.976,35.903,54.409,0.578,113.254
2022-04-21,98.249,148.410,25.894,28.118,1.362,33.541,37.734,83.304,2.947,98.826
2022-04-22,110.455,161.358,46.256,17.361,1.384,36.813,32.415,42.930,2.108,112.886
2022-04-23,97.069,169.349,32.707,14.364,1.175,24.708,35.034,68.694,7.991,105.881
2022-04-24,111.460,144.298,39.841,17.746,1.104,32.563,28.579,38.064,5.532,106.988
2022-04-25,107.242,162.884,38.017,9.991,1.250,26.453,36.283,87.239,3.543,110.090
2022-04-26,94.397,130.174,36.573,16.744,1.547,28.677,39.970,65.581,1.067,93.566
2022-04-27,116.419,139.676,39.916,15.159,1.538,31.125,30.300,67.575,4.990,108.095
2022-04-28,100.998,141.767,30.927,23.087,1.128,29.953,33.684,56.026,5.313,99.215
2022-04-29,100.160,137.557,48.233,16.633,1.430,35.149,36.522,50.537,6.623,100.994
2022-04-30,108.005,134.965,25.647,24.439,1.142,33.410,33.894,42.761,2.664,99.621
2022-05-01,115.340,154.640,44.318,26.992,1.210,19.443,34.212,66.239,7.861,112.926
2022-05-02,97.768,148.069,37.388,23.906,1.058,20.495,32.458,87.274,3.796,100.782
2022-05-03,106.123,153.695,30.633,18.923,1.146,27.412,32.259,51.587,2.720,105.297
2022-05-04,108.788,156.488,41.619,20.706,1.602,42.800,33.192,82.989,3.113,109.664
2022-05-05,110.623,151.914,27.544,12.375,1.228,24.039,33.484,38.927,4.397,106.394
2022-05-06,106.202,155.500,40.318,19.331,1.241,28.542,29.719,86.168,7.525,107.815
2022-05-07,101.560,147.884,28.617,15.698,0.766,26.246,32.967,51.029,6.014,100.868
2022-05-08,97.574,136.357,43.690,23.472,1.107,26.122,37.770,52.784,4.828,98.432
2022-05-09,104.575,158.445,32.605,32.864,1.128,31.248,31.704,57.771,1.721,106.342
2022-05-10,94.992,141.607,36.392,22.499,0.951,39.805,29.145,73.095,1.620,97.257
2022-05-11,79.876,137.765,42.352,10.044,1.206,33.192,32.295,73.179,4.266,89.738
2022-05-12,106.409,144.957,33.820,18.194,1.071,24.375,30.495,58.775,5.965,103.456
2022-05-13,109.811,137.215,39.536,20.612,1.224,49.273,28.512,61.389,6.133,103.978
2022-05-14,83.333,141.768,27.889,20.437,1.236,30.550,32.830,31.801,2.194,89.775
2022-05-15,93.809,148.975,45.047,16.346,0.913,25.959,30.165,48.258,1.251,100.606
2022-05-16,106.484,148.602,54.119,21.226,1.080,39.885,30.303,50.761,3.383,108.646
2022-05-17,117.627,135.717,62.338,13.787,1.223,26.717,32.516,63.524,7.386,111.996
2022-05-18,100.965,139.388,40.729,15.275,1.555,41.640,27.333,63.498,4.590,100.445
2022-05-19,94.599,154.570,46.306,23.229,1.277,23.906,26.583,72.594,2.901,102.932
2022-05-20,98.579,148.346,25.755,14.922,1.001,40.010,33.693,73.022,2.927,98.944
2022-05-21,110.654,163.681,52.022,22.691,1.320,31.407,25.759,44.113,1.491,114.836
2022-05-22,94.094,154.273,46.210,13.153,1.712,39.037,28.491,76.211,4.049,102.571
2022-05-23,92.469,153.450,36.129,28.824,1.475,43.312,25.888,31.176,6.435,99.495
2022-05-24,94.597,127.656,49.897,16.129,1.364,22.072,29.694,72.970,7.764,95.575
2022-05-25,90.422,148.695,37.964,18.882,1.418,38.930,32.300,36.124,4.262,97.413
2022-05-26,98.615,140.041,36.336,21.653,1.632,20.138,31.215,73.779,1.754,98.587
2022-05-27,110.211,134.572,43.803,17.173,1.523,22.670,37.913,61.627,5.622,104.237
2022-05-28,99.372,141.266,31.493,20.717,1.370,24.376,33.857,56.235,6.176,98.365
2022-05-29,94.338,148.536,48.173,22.877,1.521,33.525,27.659,71.440,1.038,101.364
2022-05-30,93.587,143.584,31.552,24.803,0.876,30.231,26.716,32.182,6.876,96.179
2022-05-31,82.976,129.277,31.600,23.957,0.749,28.830,38.281,43.408,6.720,86.591
2022-06-01,102.102,144.968,32.722,19.141,1.247,31.024,33.200,66.986,4.044,101.086
2022-06-02,93.965,130.644,46.076,19.267,1.221,34.139,31.631,80.833,4.703,95.391
2022-06-03,92.691,138.657,35.066,31.746,1.037,34.678,29.936,52.866,5.851,94.956
2022-06-04,119.222,132.923,29.216,24.749,1.448,37.659,30.380,45.526,5.576,105.331
2022-06-05,95.606,133.229,35.155,15.391,0.641,42.740,24.959,61.124,0.624,94.803
2022-06-06,86.736,142.537,39.744,20.500,1.040,29.850,29.721,67.339,1.418,94.078
2022-06-07,88.870,123.926,30.552,18.324,1.055,26.352,29.307,55.206,1.719,87.723
2022-06-08,100.995,153.228,30.787,19.323,0.709,34.295,26.223,82.603,6.168,102.623
2022-06-09,92.237,115.009,56.890,13.853,1.648,21.990,27.162,61.406,3.801,91.999
2022-06-10,79.345,126.683,33.115,17.940,0.792,25.249,33.163,32.149,4.591,84.301
2022-06-11,97.722,135.799,37.416,29.058,1.023,36.996,28.081,43.383,6.295,97.084
2022-06-12,84.537,137.372,37.062,22.895,1.472,29.131,34.508,57.039,3.057,90.893
2022-06-13,104.380,129.954,36.629,7.544,1.394,21.543,22.909,71.864,6.117,98.502
2022-06-14,97.542,129.811,44.971,26.084,0.868,19.571,26.401,43.185,3.817,96.708
2022-06-15,84.828,133.914,47.585,25.448,1.405,30.341,23.160,88.575,3.329,92.105
2022-06-16,98.158,126.918,37.552,18.204,1.287,37.993,24.008,49.113,2.998,94.665
2022-06-17,87.954,142.578,30.108,23.586,1.900,37.900,24.986,61.949,7.737,92.772
2022-06-18,93.731,136.454,50.196,15.703,1.321,30.776,28.249,31.138,6.290,97.841
2022-06-19,90.283,136.201,39.237,17.649,1.158,44.062,27.936,83.093,0.651,93.850
2022-06-20,79.129,117.222,53.843,27.493,0.943,29.266,24.929,77.330,7.681,85.500
2022-06-21,80.245,125.498,22.035,18.641,0.977,29.030,20.114,41.727,6.316,82.179
2022-06-22,93.124,122.694,41.563,10.651,0.952,12.028,31.061,85.994,1.619,91.683
2022-06-23,81.696,115.047,55.349,19.683,1.611,26.868,25.601,48.950,1.073,86.432
2022-06-24,80.633,128.108,37.174,19.607,1.205,35.964,22.939,71.531,2.811,86.184
2022-06-25,75.709,118.532,38.196,25.992,1.370,40.948,26.941,79.139,5.181,81.053
2022-06-26,86.225,129.863,42.364,20.072,1.654,24.188,26.559,74.455,5.124,90.544
2022-06-27,98.822,112.007,35.530,17.892,0.492,33.236,24.806,85.055,2.569,90.119
2022-06-28,73.266,139.298,37.503,25.225,1.584,37.328,26.048,81.856,3.843,85.923
2022-06-29,81.484,112.542,37.297,20.604,1.217,30.078,21.965,89.677,2.089,81.964
2022-06-30,92.072,123.097,34.981,16.250,1.331,14.017,27.538,40.957,0.879,89.961
2022-07-01,79.621,128.220,49.831,25.775,0.951,31.731,22.095,48.286,4.377,88.243
2022-07-02,83.361,113.992,43.689,20.968,0.973,35.330,23.097,68.174,3.102,84.616
2022-07-03,70.726,127.621,42.005,20.015,1.347,23.368,26.688,73.983,4.572,82.050
2022-07-04,82.136,106.202,46.469,20.890,1.915,28.221,28.182,62.076,7.599,82.222
2022-07-05,76.696,132.414,37.885,14.647,1.501,21.912,29.155,34.436,1.575,85.649
2022-07-06,85.564,117.433,33.806,17.362,1.580,12.009,27.394,80.496,0.515,84.773
2022-07-07,86.663,110.727,35.179,20.018,1.142,37.189,23.082,87.652,1.077,83.585
2022-07-08,97.367,113.100,40.014,19.027,1.020,29.974,19.260,54.331,3.970,90.616
2022-07-09,80.775,123.583,31.526,26.362,0.966,41.184,27.928,43.489,5.802,83.767
2022-07-10,78.232,109.052,35.998,21.087,1.054,36.001,27.654,31.159,4.856,79.032
2022-07-11,76.671,106.808,35.871,24.275,0.584,27.521,21.356,44.238,4.212,77.552
2022-07-12,71.782,111.493,56.996,20.047,0.983,29.418,25.966,71.995,3.155,80.738
2022-07-13,76.808,101.347,17.809,25.281,1.032,33.963,22.037,84.695,2.825,72.370
2022-07-14,71.231,130.732,38.563,21.988,1.147,36.768,27.369,35.611,3.322,82.548
2022-07-15,74.439,106.275,53.806,20.067,1.240,32.259,21.152,63.196,5.087,79.863
2022-07-16,83.130,119.670,40.975,19.934,1.309,37.739,28.466,71.732,1.758,85.661
2022-07-17,64.038,112.866,46.027,15.228,1.196,27.923,24.722,46.583,6.285,75.084
2022-07-18,80.712,100.347,40.799,22.535,1.026,23.020,27.590,64.194,4.814,78.620
2022-07-19,81.636,109.556,34.661,19.799,0.611,29.546,20.641,72.915,2.519,80.617
2022-07-20,69.662,116.881,22.065,17.490,1.027,31.436,23.084,80.263,4.259,74.308
2022-07-21,53.143,106.588,41.644,25.532,0.908,21.589,18.798,57.150,7.721,66.877
2022-07-22,64.769,119.835,33.795,13.749,1.340,20.643,24.076,74.871,0.654,75.094
2022-07-23,79.525,117.555,33.597,17.888,1.473,33.132,24.080,48.107,1.996,81.748
2022-07-24,68.486,115.969,36.008,25.139,1.482,27.156,28.414,42.783,3.863,76.235
2022-07-25,60.198,101.628,53.959,21.578,1.427,28.839,22.510,41.239,5.288,71.379
2022-07-26,63.681,94.874,59.239,19.761,1.160,27.482,23.079,51.532,2.092,72.151
2022-07-27,73.975,98.989,41.738,21.255,1.043,40.644,19.338,32.153,7.486,75.032
2022-07-28,71.158,106.544,36.282,20.897,0.976,38.832,22.219,46.980,5.319,74.799
2022-07-29,64.411,109.501,30.582,12.417,0.748,21.339,19.301,69.133,7.081,71.172
2022-07-30,62.931,81.794,43.748,18.254,1.498,26.270,20.636,68.875,2.970,64.753
2022-07-31,62.278,102.899,54.263,28.083,1.148,35.950,20.661,34.413,6.717,72.861
2022-08-01,57.583,104.037,38.021,16.703,0.826,34.214,18.931,47.245,3.337,67.607
2022-08-02,77.441,99.162,20.968,18.408,0.952,29.710,20.028,64.173,2.396,72.663
2022-08-03,61.500,114.337,45.360,17.292,0.940,22.037,18.567,49.113,7.337,74.123
2022-08-04,73.380,105.134,47.883,19.565,1.213,25.222,18.408,55.079,1.192,77.807
2022-08-05,75.383,113.516,27.313,17.084,1.520,26.383,22.634,72.769,7.572,77.209
2022-08-06,70.773,97.758,41.412,22.434,1.096,31.939,19.789,30.556,3.939,72.997
2022-08-07,58.913,108.802,43.610,20.987,0.524,41.926,20.163,46.584,7.945,70.819
2022-08-08,65.181,115.294,39.415,23.868,1.143,25.192,14.612,38.542,4.547,75.062
2022-08-09,61.348,111.582,33.674,14.745,1.153,22.818,20.118,37.657,6.181,70.883
2022-08-10,53.908,87.072,48.127,18.298,1.133,29.240,20.304,87.542,0.553,62.701
2022-08-11,63.333,94.991,36.773,18.871,1.012,37.222,17.384,52.594,4.225,67.519
2022-08-12,50.913,93.618,28.119,22.278,1.265,19.872,24.704,61.625,6.031,59.166
2022-08-13,69.460,101.510,23.604,16.034,1.220,40.175,11.452,74.029,6.371,69.904
2022-08-14,55.860,103.036,50.087,24.578,1.193,28.796,20.545,32.847,1.685,68.858
2022-08-15,60.811,87.346,44.933,25.932,1.324,24.860,20.206,44.461,3.642,65.596
2022-08-16,61.099,95.983,40.704,15.056,1.071,18.799,19.569,79.929,3.643,67.485
2022-08-17,56.398,74.682,36.478,17.546,1.054,34.946,18.352,81.719,1.277,57.899
2022-08-18,62.807,108.885,35.768,17.340,1.614,28.802,19.356,52.377,3.823,71.222
2022-08-19,53.964,88.933,31.394,33.162,1.368,31.195,20.192,52.492,6.553,59.941
2022-08-20,64.390,94.215,36.548,17.850,1.448,23.694,15.296,75.414,2.751,67.769
2022-08-21,46.316,90.167,23.039,28.388,1.568,27.766,18.259,47.704,3.744,54.816
2022-08-22,57.765,104.339,34.111,13.667,1.358,26.594,16.701,37.026,7.707,67.006
2022-08-23,71.942,64.127,37.512,15.052,1.479,29.296,13.862,45.452,0.738,62.712
2022-08-24,48.112,91.967,44.879,16.567,0.726,25.313,19.190,53.241,4.936,60.622
2022-08-25,50.384,90.715,39.681,15.772,1.261,19.261,15.242,33.132,6.076,60.342
2022-08-26,59.615,86.885,46.359,18.661,1.145,49.099,12.341,58.721,6.207,65.145
2022-08-27,56.646,108.340,50.793,16.456,1.703,20.456,15.119,74.400,5.870,70.984
2022-08-28,57.727,81.869,48.465,15.903,1.478,31.270,14.244,60.825,5.948,63.118
2022-08-29,58.556,98.134,43.764,25.792,1.011,17.596,19.633,34.314,0.943,67.471
2022-08-30,59.448,93.661,40.095,26.119,1.312,16.021,16.916,56.409,4.506,65.841
2022-08-31,62.983,102.405,32.154,24.746,1.250,30.685,20.516,72.534,6.372,68.644
2022-09-01,57.127,82.818,45.920,22.620,1.336,31.221,14.283,33.486,1.205,62.593
2022-09-02,51.670,81.870,53.438,20.464,0.894,38.830,18.822,33.591,0.590,61.083
2022-09-03,58.739,99.879,42.737,17.515,1.308,32.797,24.638,52.236,6.609,67.880
2022-09-04,68.324,92.899,55.338,15.234,1.132,28.951,17.110,41.698,5.842,73.099
2022-09-05,51.838,72.933,27.795,21.815,1.285,23.353,18.551,86.087,3.592,53.358
2022-09-06,44.886,82.736,30.767,14.132,0.983,40.493,17.975,64.881,7.553,53.417
2022-09-07,61.329,91.748,46.842,15.030,1.024,36.502,11.558,47.240,6.249,67.557
2022-09-08,51.308,96.027,42.114,25.765,1.552,21.276,17.515,72.287,7.759,62.885
2022-09-09,34.697,80.632,50.510,29.503,0.885,30.266,16.612,52.496,7.470,51.640
2022-09-10,58.673,58.067,39.876,21.966,0.907,31.008,14.852,37.927,4.110,54.732
2022-09-11,47.435,92.236,33.056,25.532,1.185,27.580,12.920,44.234,6.160,57.999
2022-09-12,50.825,74.604,38.291,18.771,0.968,35.403,17.598,68.565,5.519,55.452
2022-09-13,54.045,66.448,27.739,13.312,0.934,35.822,12.546,33.113,6.586,52.505
2022-09-14,52.762,58.122,30.971,23.061,1.232,28.667,21.814,46.361,6.408,50.012
2022-09-15,56.771,94.418,47.780,22.846,0.748,28.034,15.708,42.499,1.649,66.267
2022-09-16,47.478,87.408,46.982,20.358,0.898,40.493,11.651,42.068,2.253,59.358
2022-09-17,54.941,83.719,42.904,18.788,1.816,36.530,13.737,70.966,2.493,61.167
2022-09-18,48.643,99.730,26.231,24.811,1.338,30.507,14.405,79.549,6.639,59.487
2022-09-19,56.522,92.087,37.133,15.071,0.976,18.596,22.441,72.952,6.581,63.314
2022-09-20,55.435,101.761,30.200,16.131,1.325,32.408,12.517,68.744,4.215,64.286
2022-09-21,42.938,71.564,49.412,14.959,1.370,34.887,14.792,84.987,4.856,52.821
2022-09-22,59.028,85.051,35.330,20.425,1.498,10.718,13.500,33.504,6.702,62.095
2022-09-23,45.979,69.144,31.314,14.561,1.162,31.763,16.587,40.049,2.844,49.995
2022-09-24,56.667,82.942,40.238,16.579,1.493,27.083,13.502,54.864,0.876,61.264
2022-09-25,53.085,82.685,34.879,16.471,0.588,28.454,11.632,52.347,4.119,58.324
2022-09-26,64.806,91.383,51.870,18.697,0.883,23.648,14.448,55.083,7.353,70.192
2022-09-27,48.275,85.529,34.122,12.563,1.249,28.963,14.123,42.387,6.429,56.620
2022-09-28,47.239,91.273,28.806,20.436,1.299,39.744,13.234,38.970,3.250,56.763
2022-09-29,49.858,92.050,22.777,26.237,0.926,26.875,13.388,60.552,0.986,57.100
2022-09-30,47.577,106.552,39.754,20.677,1.278,36.759,18.555,85.683,5.277,63.705
2022-10-01,56.400,81.847,35.505,27.707,1.013,24.356,14.041,53.518,6.759,59.855
2022-10-02,37.076,75.598,28.569,26.670,1.117,35.311,11.600,32.601,5.487,46.931
2022-10-03,41.593,87.487,49.514,23.889,1.507,30.012,13.621,72.370,3.688,56.945
2022-10-04,41.505,77.032,45.338,20.373,1.473,32.464,15.179,47.466,1.425,52.929
2022-10-05,57.683,99.913,39.774,20.113,0.901,30.050,11.018,44.706,7.331,66.770
2022-10-06,63.807,82.311,50.915,23.819,0.883,34.491,19.919,49.455,2.570,66.780
2022-10-07,49.338,79.547,45.300,18.042,1.077,12.027,17.661,73.429,2.182,57.593
2022-10-08,48.883,80.559,33.417,10.587,1.192,20.061,19.368,79.129,6.620,55.293
2022-10-09,50.862,92.537,31.686,22.460,1.003,32.920,16.277,65.283,7.859,59.529
2022-10-10,59.675,83.865,46.544,14.345,1.512,15.695,8.845,49.349,5.451,64.306
2022-10-11,43.047,79.127,43.171,15.189,1.304,26.286,19.761,48.629,5.186,53.896
2022-10-12,52.468,102.308,41.358,20.001,1.322,29.620,12.596,37.459,2.896,65.198
2022-10-13,58.466,77.214,33.228,19.524,0.820,24.203,12.875,85.998,0.653,59.043
2022-10-14,54.786,86.262,44.864,12.940,1.550,25.159,15.728,68.288,1.938,62.244
2022-10-15,52.415,92.571,33.956,20.827,0.354,31.901,19.434,31.618,4.883,60.770
2022-10-16,59.036,69.886,39.184,24.831,1.450,37.065,18.502,69.742,1.635,58.321
2022-10-17,29.540,91.163,51.576,14.358,1.480,23.291,18.108,56.829,7.129,52.434
2022-10-18,56.736,75.981,34.713,26.362,1.070,25.975,14.502,88.353,1.911,58.105
2022-10-19,46.236,94.941,27.416,12.199,1.582,24.881,14.507,79.144,4.416,57.083
2022-10-20,36.987,77.278,31.580,30.587,1.181,13.050,16.582,40.279,4.340,47.993
2022-10-21,55.894,94.033,47.954,17.944,1.219,30.992,15.211,73.207,5.030,65.748
2022-10-22,62.974,98.374,42.038,20.728,1.302,36.543,18.330,59.134,2.956,69.407
2022-10-23,51.074,96.150,38.969,10.540,2.156,37.117,18.215,41.223,7.052,62.176
2022-10-24,59.994,90.279,35.927,19.689,1.603,23.905,17.564,71.924,3.832,64.266
2022-10-25,65.474,85.693,43.883,21.142,1.410,21.238,8.281,62.843,5.751,67.222
2022-10-26,63.309,82.490,33.207,19.569,0.926,30.151,16.314,31.822,5.269,63.043
2022-10-27,66.131,103.223,42.445,17.185,1.243,35.805,15.677,68.795,1.379,72.521
2022-10-28,59.178,81.786,34.150,15.267,0.956,31.084,16.584,68.099,5.170,60.954
2022-10-29,54.081,78.687,32.819,25.653,1.447,32.025,13.896,38.645,4.630,57.211
2022-10-30,40.908,95.997,34.900,20.154,1.242,37.993,12.267,50.939,7.240,56.233
2022-10-31,52.008,81.678,36.997,27.704,0.863,24.826,17.715,65.154,7.107,57.907
2022-11-01,47.491,80.443,39.609,17.368,1.224,28.460,15.343,38.327,1.632,55.800
2022-11-02,71.873,75.820,41.884,17.826,0.945,41.442,18.226,81.163,1.113,67.059
2022-11-03,53.374,85.749,10.493,24.078,1.245,28.622,14.581,31.649,2.709,54.511
2022-11-04,56.051,90.082,33.539,11.885,0.942,21.129,20.936,36.170,7.900,61.758
2022-11-05,59.768,93.679,36.867,13.933,1.208,25.315,19.788,36.966,0.662,65.361
2022-11-06,56.003,101.109,52.040,25.487,1.425,23.433,17.775,61.686,5.547,68.742
2022-11-07,69.520,97.221,31.360,14.140,1.184,32.500,16.347,67.207,5.064,70.198
2022-11-08,51.290,90.408,41.302,10.905,1.083,23.728,19.648,54.224,5.349,61.028
2022-11-09,58.148,90.708,51.960,29.343,1.261,31.897,18.375,47.320,2.137,66.678
2022-11-10,50.978,98.172,29.496,13.031,1.409,24.848,18.022,78.559,2.200,60.840
2022-11-11,46.691,106.185,43.152,20.921,0.868,15.136,20.546,34.097,3.730,63.831
2022-11-12,52.697,95.119,33.582,20.345,1.278,32.146,21.810,46.818,1.219,61.600
2022-11-13,57.641,89.569,35.963,5.947,1.595,31.039,13.889,32.347,1.060,62.884
2022-11-14,54.856,84.744,33.575,18.663,1.372,33.624,14.612,30.833,1.163,59.566
2022-11-15,53.111,80.640,34.145,22.242,1.217,25.289,15.543,51.203,4.797,57.576
2022-11-16,47.766,102.182,61.775,21.772,1.392,24.543,13.498,41.689,3.483,66.892
2022-11-17,58.724,101.733,46.756,24.518,1.336,32.810,17.941,46.102,2.702,69.233
2022-11-18,47.729,102.168,48.814,18.063,1.426,40.633,20.056,79.257,2.869,64.278
2022-11-19,66.231,95.556,43.936,23.563,0.593,30.078,18.319,39.779,2.055,70.570
2022-11-20,61.201,111.367,27.150,16.553,0.734,32.972,16.911,76.814,3.586,69.440
2022-11-21,49.277,92.919,43.160,12.948,1.501,27.749,22.025,70.503,2.023,61.146
2022-11-22,58.865,107.781,48.583,13.511,0.748,19.195,19.201,49.587,5.735,71.483
2022-11-23,55.728,98.316,33.173,12.689,1.320,36.772,19.944,62.793,1.429,63.994
2022-11-24,64.712,93.101,47.723,25.048,1.094,36.359,22.515,56.666,7.612,69.831
2022-11-25,73.300,105.597,45.635,12.427,0.901,34.975,18.822,37.704,1.174,77.456
2022-11-26,47.998,104.262,54.816,21.370,1.305,28.726,25.514,84.431,7.576,66.241
2022-11-27,64.347,104.234,36.658,18.670,1.260,34.179,18.132,64.177,6.750,70.775
2022-11-28,62.579,101.983,31.219,19.487,1.833,36.256,25.614,82.814,5.605,68.128
2022-11-29,69.668,101.302,37.107,26.818,1.013,41.341,16.842,79.430,7.342,72.646
2022-11-30,66.445,126.080,51.485,17.808,1.632,36.920,21.466,34.787,1.544,81.344
2022-12-01,59.171,114.560,25.373,23.058,1.306,30.447,18.135,42.436,1.822,69.028
2022-12-02,63.086,110.473,23.453,20.188,1.002,20.842,23.571,38.716,2.391,69.375
2022-12-03,59.725,104.894,40.715,19.240,1.440,31.090,18.930,79.847,2.336,69.474
2022-12-04,75.161,114.384,36.459,31.500,1.370,31.796,21.390,81.747,2.831,79.188
2022-12-05,67.187,110.033,40.062,12.793,1.211,34.963,18.721,61.678,4.817,74.616
2022-12-06,82.694,105.660,47.562,26.446,1.280,39.477,23.640,36.251,0.711,82.557
2022-12-07,67.470,102.912,35.579,23.282,1.021,29.334,19.018,38.137,3.367,71.725
2022-12-08,62.763,105.693,25.016,17.602,0.952,44.707,26.194,78.813,2.348,68.092
2022-12-09,56.799,75.355,56.356,28.147,1.428,17.685,18.315,85.751,5.050,62.277
2022-12-10,54.965,109.727,32.022,10.759,1.133,32.935,17.426,41.969,7.889,66.805
2022-12-11,57.201,103.302,31.528,17.391,1.176,24.410,24.479,30.668,4.382,65.897
2022-12-12,72.499,124.682,48.830,13.958,1.284,16.649,20.012,49.857,3.693,83.420
2022-12-13,74.922,109.521,36.924,22.060,1.280,28.588,21.929,31.830,3.262,77.702
2022-12-14,58.696,98.013,39.493,14.435,0.771,19.800,21.148,79.678,6.387,66.651
2022-12-15,79.002,109.983,43.862,22.165,1.586,28.870,18.343,59.491,1.040,81.268
2022-12-16,68.475,100.601,48.669,19.068,1.236,30.243,22.215,68.512,7.698,74.152
2022-12-17,74.014,116.381,37.332,17.603,1.139,37.830,26.408,54.689,3.634,79.388
2022-12-18,86.240,115.142,52.160,21.943,1.329,19.447,25.790,50.730,2.853,88.095
2022-12-19,81.022,122.400,22.914,18.657,1.271,36.359,23.644,43.332,7.806,81.813
2022-12-20,72.205,105.503,46.078,14.557,1.430,30.687,26.455,76.232,7.519,76.969
2022-12-21,67.732,114.345,33.284,34.007,1.361,37.202,20.109,71.733,5.315,74.826
2022-12-22,58.156,100.949,50.978,17.564,1.415,26.978,22.481,51.644,0.639,69.558
2022-12-23,70.128,122.210,41.136,8.912,1.605,20.674,24.815,49.267,6.114,79.955
2022-12-24,74.705,120.981,34.617,15.790,1.465,21.478,23.407,30.075,3.017,80.570
2022-12-25,69.010,121.349,45.303,13.664,1.152,20.957,23.229,33.813,3.412,79.970
2022-12-26,76.371,117.007,47.146,24.131,0.863,33.345,20.538,67.395,1.691,82.717
2022-12-27,78.551,121.740,45.135,21.608,1.700,40.338,18.068,60.876,4.426,84.824
2022-12-28,76.653,134.237,31.762,21.994,1.129,26.045,26.937,56.088,6.084,84.950
2022-12-29,73.767,115.944,36.128,18.150,1.058,34.404,25.385,79.650,2.548,78.893
2022-12-30,80.833,120.784,39.967,18.603,0.679,19.336,27.534,60.234,7.540,84.645
2022-12-31,83.536,109.139,39.670,18.145,1.302,31.262,23.688,53.070,1.961,82.443
2023-01-01,71.793,111.920,45.998,19.594,1.245,34.680,23.034,39.675,0.997,78.672
2023-01-02,92.320,122.183,23.881,24.177,0.745,19.863,25.364,79.241,5.333,87.591
2023-01-03,80.760,132.846,42.675,21.680,1.336,28.573,28.079,64.575,6.870,88.769
2023-01-04,82.215,119.845,37.680,22.501,1.051,35.011,24.994,35.548,7.648,84.597
2023-01-05,88.245,120.650,33.292,22.498,2.007,9.464,28.265,68.934,6.254,86.976
2023-01-06,84.959,119.540,34.060,24.422,1.029,39.348,23.012,55.504,1.997,85.153
2023-01-07,91.231,118.860,38.284,21.441,1.069,32.476,25.718,78.683,7.832,88.930
2023-01-08,86.415,127.754,11.191,21.794,0.938,35.017,26.162,85.135,7.396,83.772
2023-01-09,79.730,110.428,34.390,25.944,1.583,27.111,30.222,66.028,1.724,79.871
2023-01-10,88.031,138.805,32.993,16.675,1.088,17.941,27.336,73.897,4.691,92.256
2023-01-11,76.497,119.934,44.262,15.721,0.983,33.738,32.120,33.395,4.666,83.081
2023-01-12,87.022,134.398,33.556,14.070,1.412,29.422,23.008,63.615,3.819,90.541
2023-01-13,86.392,115.067,38.279,20.915,0.786,30.225,27.609,75.320,7.882,85.372
2023-01-14,85.495,135.042,52.338,10.731,1.388,37.613,27.925,59.806,0.947,93.728
2023-01-15,86.632,135.657,47.955,22.311,1.734,35.334,29.414,65.613,5.204,93.604
2023-01-16,73.104,133.361,47.218,19.454,1.370,43.449,25.280,83.937,2.040,86.004
2023-01-17,84.265,120.153,36.001,25.673,1.391,31.077,32.938,41.886,4.455,85.378
2023-01-18,89.890,133.168,44.344,16.640,1.461,25.162,28.088,35.895,6.348,93.764
2023-01-19,90.917,119.414,38.129,18.983,1.713,28.681,24.951,71.439,2.350,88.908
2023-01-20,81.904,129.286,38.431,25.611,1.563,32.910,28.327,79.371,3.450,87.424
2023-01-21,100.736,142.673,43.277,26.916,1.332,37.111,27.597,81.029,7.631,101.825
2023-01-22,84.162,140.907,35.224,16.599,1.471,19.731,37.047,68.499,6.211,91.398
2023-01-23,99.326,133.650,51.944,20.909,0.934,30.060,32.006,79.993,4.795,100.147
2023-01-24,95.462,124.304,38.719,21.472,1.433,41.267,29.164,72.040,2.165,92.766
2023-01-25,87.346,141.058,44.947,21.868,0.898,28.319,28.836,35.243,3.690,94.980
2023-01-26,107.186,135.341,51.645,18.687,1.090,36.517,32.181,75.723,6.305,104.524
2023-01-27,83.898,112.485,48.253,26.407,0.275,33.452,32.479,40.762,6.654,85.345
2023-01-28,101.260,144.051,28.729,10.551,1.320,36.691,20.901,44.197,2.335,99.591
2023-01-29,102.367,136.513,43.559,17.894,1.007,24.332,31.716,53.679,5.465,100.849
2023-01-30,89.448,149.307,46.806,22.240,1.533,24.362,30.022,48.874,1.213,98.877
2023-01-31,106.400,126.851,47.135,22.286,1.317,30.142,26.153,49.299,0.674,100.682
2023-02-01,93.702,106.553,31.094,26.764,1.537,19.274,32.875,40.156,4.615,85.036
2023-02-02,98.450,141.621,34.744,25.991,0.875,28.112,37.119,47.632,2.183,98.660
2023-02-03,98.656,142.251,47.956,18.572,1.512,31.770,32.195,31.180,1.092,101.594
2023-02-04,95.927,122.928,33.906,26.499,1.832,42.492,33.968,58.375,5.974,91.623
2023-02-05,103.910,130.543,37.602,16.430,1.429,32.819,36.220,76.115,4.235,98.639
2023-02-06,104.190,168.368,52.607,24.654,1.437,34.377,28.456,81.735,6.472,113.127
2023-02-07,84.266,138.241,39.618,29.053,1.251,38.151,25.512,79.226,5.480,91.529
2023-02-08,109.096,149.081,34.186,26.075,1.043,23.247,33.191,54.987,5.974,106.110
2023-02-09,85.763,135.734,32.979,20.529,1.428,28.844,30.611,73.826,2.805,90.197
2023-02-10,107.719,121.799,42.662,18.341,0.748,46.978,27.364,47.273,2.475,98.932
2023-02-11,108.863,141.455,29.335,12.357,1.075,29.446,31.382,33.334,5.007,102.735
2023-02-12,91.506,140.949,38.021,21.553,0.669,37.815,33.927,70.558,2.001,95.642
2023-02-13,97.325,140.048,42.666,14.424,0.989,36.746,31.424,68.928,6.616,99.210
2023-02-14,92.138,143.335,50.393,16.034,1.393,19.653,29.634,78.098,4.422,99.148
2023-02-15,99.630,147.551,45.340,14.046,1.352,32.173,31.446,66.966,2.202,103.148
2023-02-16,99.245,143.826,34.287,17.698,1.215,31.027,32.178,39.413,5.189,99.628
2023-02-17,108.300,133.100,49.427,19.860,1.251,32.310,26.566,81.190,7.588,103.965
2023-02-18,112.892,151.006,37.604,21.368,0.634,24.721,32.041,67.635,1.116,109.268
2023-02-19,113.915,127.047,30.114,16.997,1.088,22.182,28.550,78.457,1.320,101.094
2023-02-20,98.585,126.426,38.624,25.346,0.996,26.668,34.671,76.446,6.829,94.945
2023-02-21,101.735,154.702,51.505,18.959,1.002,29.315,28.120,47.872,1.322,107.579
2023-02-22,90.261,152.753,41.322,16.061,1.380,38.295,35.948,34.473,0.795,99.221
2023-02-23,97.594,147.474,40.100,21.131,0.942,42.721,31.786,40.590,3.109,101.059
2023-02-24,112.065,134.449,53.098,29.818,1.019,39.776,31.486,35.572,4.000,106.987
2023-02-25,117.569,141.673,28.549,21.676,0.574,36.021,34.098,44.605,4.771,106.996
2023-02-26,95.060,146.464,29.715,18.186,1.112,22.970,30.714,57.572,4.305,97.412
2023-02-27,100.479,133.463,27.073,12.363,0.874,27.138,34.242,84.409,7.349,95.693
2023-02-28,105.283,142.353,42.981,18.903,1.224,31.469,31.302,82.321,6.265,103.944
2023-03-01,108.004,156.580,41.332,21.175,0.915,25.573,31.917,73.116,7.879,109.243
2023-03-02,99.547,164.634,52.342,18.062,1.231,34.040,34.891,31.447,4.073,109.632
2023-03-03,109.669,146.462,41.948,11.673,1.157,35.043,30.343,50.483,1.132,107.163
2023-03-04,102.731,158.507,36.767,15.747,1.702,33.754,30.048,70.941,7.666,106.271
2023-03-05,106.644,132.079,40.014,27.273,1.349,37.176,34.664,37.742,0.531,100.948
2023-03-06,111.359,158.082,40.942,27.170,0.648,23.668,33.916,78.065,6.321,111.292
2023-03-07,107.262,143.706,26.626,15.567,0.821,36.530,34.576,84.874,0.735,102.068
2023-03-08,103.933,155.068,61.683,23.364,1.217,25.130,35.124,51.246,6.209,110.823
2023-03-09,106.752,149.756,44.159,14.107,0.921,23.413,34.382,72.351,7.535,107.135
2023-03-10,107.119,165.668,41.680,27.022,0.309,33.725,36.100,38.892,3.419,111.596
2023-03-11,105.055,143.940,44.921,21.226,1.605,38.511,34.631,71.449,2.307,104.694
2023-03-12,106.125,159.171,45.675,24.748,1.416,33.416,28.377,31.287,2.197,109.949
2023-03-13,121.157,150.301,38.876,11.425,1.356,30.146,29.212,39.046,4.188,113.444
2023-03-14,113.019,151.704,34.950,23.388,1.018,32.171,40.294,72.593,1.782,109.011
2023-03-15,106.323,151.630,44.796,19.962,1.328,30.955,34.563,72.711,5.547,107.610
2023-03-16,114.410,145.183,43.086,24.260,0.989,22.118,37.462,68.470,3.263,109.377
2023-03-17,106.302,153.660,33.521,24.574,1.261,21.302,33.620,58.642,2.923,105.953
2023-03-18,118.487,153.326,51.352,20.329,0.924,29.448,34.527,70.494,3.960,115.512
2023-03-19,112.180,156.506,42.347,16.996,1.655,30.559,33.381,76.428,4.569,111.511
2023-03-20,108.477,155.070,45.839,23.898,0.729,30.079,42.176,87.989,1.564,109.927
2023-03-21,113.021,162.326,51.135,19.699,1.570,34.733,35.573,83.318,5.808,115.435
2023-03-22,96.967,163.692,40.175,15.636,1.212,28.492,33.240,77.672,7.122,105.626
2023-03-23,100.606,144.051,42.536,15.399,1.053,33.941,29.919,71.685,2.585,102.026
2023-03-24,100.147,163.335,46.480,12.614,1.250,28.988,40.821,64.449,1.853,108.370
2023-03-25,110.910,142.864,34.201,17.449,1.420,42.764,34.432,37.237,6.204,105.155
2023-03-26,123.687,160.676,40.432,25.513,1.610,30.565,37.175,39.933,1.877,118.133
2023-03-27,127.728,161.055,41.004,20.889,1.294,46.385,37.527,79.217,0.809,120.381
2023-03-28,115.024,135.793,32.352,17.351,0.933,32.464,33.585,78.199,5.144,104.720
2023-03-29,113.960,155.875,58.541,24.024,1.217,28.504,37.002,66.868,2.298,115.451
2023-03-30,95.569,150.289,28.742,15.838,1.745,23.704,33.180,56.330,1.789,98.619
2023-03-31,105.652,147.404,29.615,20.477,1.604,19.900,32.026,31.562,7.862,102.970
2023-04-01,103.697,168.508,50.514,19.102,1.473,23.060,38.493,49.631,2.689,112.504
2023-04-02,105.031,148.460,45.706,23.896,1.439,23.843,34.525,55.238,7.276,106.195
2023-04-03,108.641,146.920,31.792,12.114,1.410,32.764,36.551,59.149,1.837,104.755
2023-04-04,106.190,155.718,44.858,15.749,1.548,26.317,36.222,85.759,6.642,108.782
2023-04-05,94.103,161.783,51.743,11.809,1.063,31.308,36.893,36.523,4.265,105.935
2023-04-06,115.883,153.467,39.758,18.702,0.793,38.974,30.297,61.132,1.089,111.933
2023-04-07,101.271,166.492,60.791,26.057,1.221,29.385,33.195,52.075,6.002,112.741
2023-04-08,111.712,160.074,26.208,17.473,0.955,44.554,33.959,89.406,7.191,109.119
2023-04-09,126.326,132.907,45.551,17.447,0.883,21.769,32.417,81.712,1.723,112.145
2023-04-10,102.305,149.309,49.332,24.359,0.984,28.946,36.174,56.327,5.942,105.812
2023-04-11,89.336,148.890,47.131,25.343,1.946,26.225,38.420,89.982,3.838,98.761
2023-04-12,107.200,159.196,38.365,19.557,1.241,36.556,38.865,60.844,6.154,109.032
2023-04-13,118.196,128.038,37.676,23.424,1.309,14.321,33.779,40.027,5.854,105.045
2023-04-14,124.947,179.650,43.553,14.615,0.833,19.898,35.636,63.352,0.700,125.079
2023-04-15,99.327,159.334,46.526,26.890,0.647,29.249,36.058,43.572,1.840,106.769
2023-04-16,113.012,155.367,44.820,30.744,0.954,40.860,36.543,68.179,4.033,112.080
2023-04-17,105.182,165.537,48.320,22.606,1.631,31.581,32.000,86.246,7.502,111.916
2023-04-18,107.914,176.992,31.849,9.578,1.300,20.539,40.049,77.172,3.066,113.424
2023-04-19,129.765,162.086,38.178,17.209,1.380,21.620,37.316,46.390,5.217,121.144
2023-04-20,96.427,162.681,32.480,23.064,1.422,41.711,37.342,47.812,0.591,103.514
2023-04-21,110.313,154.304,36.911,17.893,1.023,25.652,38.038,34.157,5.833,108.830
2023-04-22,111.848,151.376,48.122,26.361,1.616,23.399,35.971,47.152,5.023,110.961
2023-04-23,116.608,147.817,40.864,22.941,1.010,40.342,31.225,35.557,5.865,110.822
2023-04-24,108.513,144.089,60.855,16.468,1.622,37.078,33.826,59.967,7.285,109.654
2023-04-25,109.992,145.245,41.547,20.161,1.333,38.918,29.223,72.501,1.599,106.879
2023-04-26,104.185,138.366,40.478,15.531,0.663,23.350,35.351,75.071,2.462,101.698
2023-04-27,109.254,150.859,40.849,19.087,0.976,19.324,33.526,33.572,7.968,108.054
2023-04-28,104.130,134.508,34.898,17.227,0.665,30.932,33.837,50.397,1.672,99.397
2023-04-29,111.614,152.991,39.537,25.874,1.549,32.346,37.493,47.290,5.905,109.612
2023-04-30,103.443,150.437,49.022,30.580,1.193,32.552,32.429,36.258,5.938,106.657
2023-05-01,109.168,151.979,40.912,12.844,0.531,40.347,32.961,51.748,5.622,108.360
2023-05-02,105.660,144.989,33.652,10.384,1.313,17.864,33.697,47.959,2.206,103.057
2023-05-03,114.638,180.670,32.599,18.774,1.039,36.018,28.023,68.070,2.114,118.040
2023-05-04,104.946,163.185,36.398,12.408,0.755,22.324,32.654,82.998,5.498,108.708
2023-05-05,90.894,136.812,40.591,20.231,1.703,35.990,25.902,57.291,1.897,94.609
2023-05-06,114.886,151.251,49.549,23.745,1.232,26.675,31.507,74.800,5.462,112.728
2023-05-07,97.250,142.499,29.276,27.471,1.112,24.302,35.731,38.761,4.194,97.230
2023-05-08,98.964,138.082,37.441,21.007,1.080,25.731,34.407,83.698,3.400,98.395
2023-05-09,99.120,134.466,41.154,19.034,0.746,19.881,31.177,39.156,2.752,98.131
2023-05-10,114.565,151.820,25.330,10.108,0.809,30.283,32.979,41.526,7.607,107.895
2023-05-11,86.161,140.307,33.331,20.131,1.585,24.591,29.524,36.388,4.311,91.839
2023-05-12,128.019,156.414,34.561,20.356,1.058,35.504,32.632,48.581,4.709,117.846
2023-05-13,111.028,156.281,33.632,23.195,1.207,34.480,41.318,63.145,7.619,109.125
2023-05-14,104.023,159.682,41.535,16.458,0.587,41.817,37.950,89.280,5.404,108.223
2023-05-15,101.448,137.011,38.716,17.825,0.805,32.564,32.453,77.602,7.684,99.570
2023-05-16,103.815,149.872,35.558,12.610,1.383,33.645,32.657,52.826,1.298,103.981
2023-05-17,105.336,151.020,43.424,8.544,1.313,39.801,29.117,64.551,6.850,106.659
2023-05-18,105.960,139.523,53.785,14.458,1.726,25.606,29.527,67.398,3.016,105.594
2023-05-19,104.868,136.109,53.114,12.148,1.603,19.582,32.894,79.364,6.579,103.890
2023-05-20,100.759,159.477,24.618,21.684,1.131,31.401,30.106,74.187,6.917,103.146
2023-05-21,98.076,145.205,44.617,17.409,1.342,20.042,34.264,64.157,2.536,101.523
2023-05-22,98.051,148.832,38.576,17.309,1.105,47.178,36.130,70.151,3.566,101.390
2023-05-23,97.304,133.786,41.241,15.078,1.816,40.188,32.285,74.755,5.945,97.036
2023-05-24,107.529,129.342,36.814,3.837,1.545,45.148,31.458,37.989,1.243,99.930
2023-05-25,102.797,135.362,40.941,27.542,1.251,30.437,25.974,42.027,6.167,100.195
2023-05-26,74.110,139.332,41.211,14.999,1.260,33.854,33.121,71.315,1.329,87.097
2023-05-27,102.460,129.440,35.368,17.938,1.633,26.784,27.307,81.026,7.358,97.136
2023-05-28,98.346,139.487,32.829,12.726,1.374,36.180,29.342,54.556,2.573,97.585
2023-05-29,96.208,122.198,36.410,24.860,1.668,21.491,33.331,88.793,4.817,92.045
2023-05-30,92.814,127.375,41.874,20.717,0.542,12.198,33.397,42.964,1.379,92.994
2023-05-31,104.475,144.771,44.792,15.868,1.338,24.465,28.761,55.002,2.521,104.627
2023-06-01,102.617,143.581,46.827,18.039,1.045,19.812,28.786,52.711,3.530,103.749
2023-06-02,88.405,133.101,36.046,28.391,1.727,40.345,27.765,85.818,4.153,91.342
2023-06-03,97.391,126.313,42.271,19.635,1.664,42.710,26.118,47.123,0.501,95.044
2023-06-04,85.904,125.683,47.700,19.091,1.210,20.179,27.655,58.247,7.165,90.197
2023-06-05,82.179,131.685,49.325,15.293,1.661,39.042,24.566,41.234,0.558,90.460
2023-06-06,87.736,141.320,39.529,10.527,1.735,36.660,31.299,61.276,6.303,94.170
2023-06-07,99.180,143.610,38.233,19.200,1.222,19.012,30.277,81.444,4.029,100.319
2023-06-08,99.433,128.810,41.529,21.627,1.942,27.268,30.617,48.242,4.429,96.665
2023-06-09,95.436,121.685,30.802,25.498,1.191,25.939,25.914,78.648,2.062,90.384
2023-06-10,96.652,135.338,38.451,8.758,1.136,35.236,25.032,84.679,5.055,96.618
2023-06-11,94.498,123.861,45.957,14.375,1.460,21.399,28.617,34.377,4.529,93.599
2023-06-12,84.750,126.347,45.136,17.096,1.094,29.308,28.486,75.385,1.732,89.306
2023-06-13,92.849,144.212,37.838,19.983,1.226,25.198,27.689,45.321,2.286,97.255
2023-06-14,95.305,138.656,41.742,19.275,1.623,33.313,27.099,40.520,1.002,97.598
2023-06-15,94.441,131.388,33.403,19.392,1.206,28.482,32.935,66.067,0.997,93.318
2023-06-16,97.421,116.509,45.628,22.040,0.691,26.253,28.915,72.336,0.603,92.789
2023-06-17,93.077,130.760,39.377,15.484,1.310,28.507,33.382,53.686,2.154,93.642
2023-06-18,89.721,138.687,37.792,24.671,0.991,44.252,31.110,32.350,5.597,94.025
2023-06-19,94.967,123.717,37.106,22.167,1.460,27.082,32.245,84.522,2.872,92.020
2023-06-20,85.688,140.395,39.497,18.401,1.409,22.713,23.743,73.845,3.071,92.862
2023-06-21,78.338,139.219,36.417,28.005,1.641,34.084,28.577,46.300,1.489,88.218
2023-06-22,83.580,142.336,45.265,27.782,1.472,28.995,25.333,59.812,4.816,93.544
2023-06-23,78.415,128.155,36.838,24.664,1.527,20.093,21.468,31.668,3.066,85.022
2023-06-24,78.461,130.380,52.744,4.907,0.999,45.620,30.775,50.357,5.572,88.893
2023-06-25,82.194,138.050,51.722,27.895,1.441,27.533,25.236,61.352,6.061,92.856
2023-06-26,76.497,127.783,32.868,23.974,1.791,27.355,22.780,61.033,4.885,83.157
2023-06-27,79.858,117.696,40.558,30.032,0.993,31.119,24.530,42.491,2.571,83.349
2023-06-28,66.657,117.622,34.795,26.187,1.740,42.111,23.213,76.605,4.315,75.574
2023-06-29,82.997,123.891,37.387,27.892,1.035,18.242,23.349,47.932,2.389,86.143
2023-06-30,80.784,107.998,56.019,24.393,0.944,31.932,24.593,64.825,7.272,83.995
2023-07-01,73.722,118.869,37.539,26.743,1.289,44.611,30.279,46.291,6.248,80.029
2023-07-02,85.016,130.664,42.882,29.971,1.415,30.901,22.915,55.510,4.198,90.284
2023-07-03,86.726,97.184,44.331,21.083,1.474,21.353,29.720,42.451,7.741,81.384
2023-07-04,65.849,133.839,31.995,12.139,0.911,25.671,27.116,67.980,4.601,79.475
2023-07-05,72.092,129.116,33.159,18.463,1.330,31.448,25.587,55.535,2.964,81.413
2023-07-06,71.525,112.694,30.352,21.950,0.994,39.316,26.470,30.967,1.216,75.641
2023-07-07,69.645,122.125,32.912,20.374,0.753,27.625,24.096,31.690,4.578,78.042
2023-07-08,83.286,116.123,17.200,13.767,0.921,35.787,27.742,58.268,6.953,79.920
2023-07-09,74.587,127.794,44.357,11.845,0.975,19.952,25.413,40.994,7.000,84.503
2023-07-10,73.510,124.724,56.434,16.294,1.356,19.894,18.548,65.103,5.034,85.459
2023-07-11,59.085,100.301,41.183,24.039,1.546,26.620,24.261,54.492,3.451,67.869
2023-07-12,79.690,119.581,28.670,27.902,0.758,40.066,25.554,69.265,5.377,81.453
2023-07-13,64.186,111.060,34.858,24.583,1.306,30.482,22.166,87.144,6.216,72.382
2023-07-14,74.074,113.355,36.329,25.287,0.847,32.029,23.244,61.724,3.587,78.309
2023-07-15,75.310,104.658,31.859,19.596,1.389,31.947,20.858,77.243,4.072,75.424
2023-07-16,83.475,128.836,46.881,11.290,1.013,37.764,18.397,75.182,5.605,89.764
2023-07-17,61.619,121.172,46.482,17.724,0.885,25.728,17.712,85.307,7.075,76.458
2023-07-18,47.437,102.794,30.756,18.706,1.440,34.818,17.586,42.841,6.433,60.708
2023-07-19,72.569,96.269,45.801,17.515,1.024,24.184,24.040,79.640,0.668,74.326
2023-07-20,85.011,105.185,52.215,20.273,1.105,43.883,14.398,84.331,1.433,84.504
2023-07-21,80.029,112.816,55.220,22.207,0.534,24.397,19.706,53.566,6.896,84.903
2023-07-22,71.309,110.306,62.922,24.265,1.484,23.823,19.247,48.829,6.754,81.330
2023-07-23,65.215,119.871,32.784,18.609,1.446,33.848,20.536,87.122,3.416,75.126
2023-07-24,75.126,114.679,62.594,10.481,1.202,30.559,15.654,67.658,4.882,84.485
2023-07-25,60.404,115.920,37.166,17.586,0.742,32.288,22.276,52.841,7.294,72.411
2023-07-26,71.530,108.941,35.260,20.219,1.563,31.591,17.087,77.510,7.337,75.499
2023-07-27,71.294,91.232,42.617,26.114,1.000,22.367,24.147,48.268,6.373,71.540
2023-07-28,75.266,102.625,35.344,17.161,1.064,41.294,18.730,40.584,2.072,75.489
2023-07-29,88.400,114.644,43.192,22.563,1.894,36.255,20.154,62.638,5.977,87.232
2023-07-30,69.005,102.994,29.439,21.450,0.989,39.513,20.300,63.973,1.258,71.288
2023-07-31,61.340,108.011,38.090,20.220,1.423,26.302,20.870,79.545,7.205,70.691
2023-08-01,64.758,99.269,50.285,24.653,1.369,32.916,20.099,57.422,1.619,72.217
2023-08-02,50.366,91.640,39.544,16.696,1.317,31.382,18.558,78.875,5.468,60.583
2023-08-03,58.520,100.191,41.133,17.124,1.285,37.896,20.722,48.679,5.077,67.544
2023-08-04,60.369,104.007,43.802,19.940,1.313,38.122,20.946,64.522,6.327,70.147
2023-08-05,59.020,93.857,49.365,16.799,1.282,31.351,17.109,42.508,4.637,67.540
2023-08-06,64.006,97.561,26.758,22.540,1.184,19.374,20.541,53.127,0.947,66.623
2023-08-07,55.787,90.033,44.676,16.434,1.653,42.458,22.697,81.452,5.794,63.839
2023-08-08,70.920,110.136,37.855,21.132,0.806,33.892,21.101,42.959,3.374,76.071
2023-08-09,61.543,95.520,41.333,19.499,1.506,25.741,21.644,78.614,2.902,67.694
2023-08-10,61.063,112.521,48.480,21.075,1.447,32.846,19.228,46.972,7.938,73.984
2023-08-11,58.115,112.816,30.447,17.701,1.410,19.422,15.771,32.069,4.928,68.992
2023-08-12,61.587,96.259,31.899,18.305,1.535,37.387,16.020,36.596,5.830,66.051
2023-08-13,66.559,86.533,24.517,20.480,1.172,19.702,19.279,74.753,4.447,64.143
2023-08-14,52.640,75.314,35.607,21.010,0.639,28.454,21.021,45.724,6.275,56.035
2023-08-15,53.937,81.015,50.643,19.979,1.178,31.711,26.425,69.249,6.141,61.401
2023-08-16,56.403,81.566,39.035,28.527,0.903,37.272,20.890,71.952,5.429,60.478
2023-08-17,47.703,108.666,29.279,15.046,0.980,30.746,14.312,50.707,7.983,62.307
2023-08-18,51.559,95.624,36.115,19.679,0.827,34.445,15.403,58.495,3.948,61.690
2023-08-19,53.954,97.953,28.097,12.132,1.057,29.803,24.423,54.226,5.796,61.982
2023-08-20,64.415,71.452,30.999,21.860,1.021,29.775,16.830,86.841,6.483,59.843
2023-08-21,59.184,81.284,43.111,14.424,0.487,30.598,17.504,49.197,3.320,62.599
2023-08-22,58.302,101.750,30.609,18.608,1.410,28.677,14.370,40.999,3.929,65.798
2023-08-23,63.238,95.370,48.901,18.140,1.866,18.194,21.839,51.936,7.769,70.010
2023-08-24,55.016,90.662,39.431,21.404,1.382,24.622,18.539,70.171,0.742,62.592
2023-08-25,58.929,97.422,40.685,17.236,1.139,31.713,14.611,71.842,3.015,66.828
2023-08-26,54.678,107.779,37.773,17.023,1.184,28.256,13.853,85.443,4.147,67.227
2023-08-27,57.332,88.867,46.183,27.179,1.074,28.909,17.658,82.905,0.511,64.563
2023-08-28,50.260,91.436,46.265,21.423,1.227,27.737,16.773,47.299,7.243,61.814
2023-08-29,35.132,92.342,42.680,17.195,1.189,23.955,19.044,57.310,2.647,53.805
2023-08-30,53.296,114.020,44.518,18.746,0.948,26.548,18.098,74.836,2.433,69.758
2023-08-31,65.488,68.796,38.303,28.227,1.705,27.852,15.575,84.992,6.652,61.043
2023-09-01,61.259,96.323,44.338,18.824,0.754,30.036,14.652,50.230,2.585,68.394
2023-09-02,61.323,88.052,37.297,16.554,1.415,32.754,15.720,56.666,5.432,64.536
2023-09-03,63.247,94.586,40.018,16.575,1.170,28.736,14.467,83.969,6.661,68.003
2023-09-04,53.834,82.072,37.803,17.254,1.770,22.792,15.651,51.509,6.444,59.099
2023-09-05,54.478,87.893,36.342,17.028,1.302,20.213,16.016,58.831,6.365,60.875
2023-09-06,47.741,95.243,34.487,13.602,1.092,48.182,13.200,84.270,1.165,59.341
2023-09-07,49.944,119.014,43.742,14.379,1.126,22.091,17.716,78.135,1.099,69.424
2023-09-08,57.197,95.730,50.485,15.853,1.212,26.370,14.646,44.606,2.801,67.415
2023-09-09,61.709,78.944,49.369,22.958,0.857,33.619,13.167,49.488,0.770,64.412
2023-09-10,50.778,82.972,29.947,18.094,0.970,32.526,14.576,51.178,4.253,56.270
2023-09-11,48.116,82.469,50.314,18.964,0.665,33.646,16.299,84.764,3.461,58.861
2023-09-12,51.553,68.851,37.455,26.350,0.923,26.901,15.765,89.936,4.678,53.923
2023-09-13,56.199,83.320,44.806,26.475,1.228,31.670,16.730,76.440,2.741,62.057
2023-09-14,39.688,93.773,32.750,18.589,1.290,30.429,18.108,59.060,4.143,54.526
2023-09-15,32.726,73.536,41.136,16.846,0.606,27.815,19.280,30.610,3.011,46.651
2023-09-16,46.558,96.607,42.510,15.678,1.159,31.718,16.177,71.849,1.964,60.763
2023-09-17,41.071,90.854,28.123,23.464,1.369,37.388,12.071,53.362,5.370,53.416
2023-09-18,46.655,78.497,44.866,18.976,1.151,29.845,14.433,67.979,5.551,55.850
2023-09-19,49.429,84.298,50.767,18.068,1.010,29.891,12.191,66.402,6.719,60.158
2023-09-20,46.886,101.581,38.603,15.932,1.076,37.477,20.261,58.850,7.061,61.638
2023-09-21,62.041,92.827,50.881,16.152,1.038,36.730,21.103,86.663,5.783,69.045
2023-09-22,52.954,85.484,38.482,21.600,1.009,41.088,17.064,31.389,5.656,59.819
2023-09-23,52.670,82.934,46.797,13.423,1.252,17.706,17.664,72.728,0.925,60.575
2023-09-24,55.180,86.002,22.251,24.974,1.892,36.336,15.820,54.590,1.323,57.841
2023-09-25,41.036,80.054,59.350,17.331,0.977,34.211,16.147,72.827,6.594,56.404
2023-09-26,58.413,64.069,51.964,19.252,1.105,23.800,10.241,70.513,2.247,58.820
2023-09-27,49.456,105.495,37.723,13.315,1.184,31.761,14.799,30.614,3.167,63.921
2023-09-28,55.397,86.592,24.223,19.938,0.994,37.358,12.368,47.120,1.590,58.521
2023-09-29,41.439,88.997,42.304,18.358,1.529,24.196,15.849,41.345,1.964,55.879
2023-09-30,37.572,84.424,28.449,19.750,0.489,33.098,14.822,40.019,6.316,49.803
2023-10-01,56.543,77.649,43.559,27.359,1.041,36.099,20.841,73.709,2.464,60.278
2023-10-02,53.018,83.149,43.293,20.888,1.445,22.503,17.752,44.373,3.868,60.112
2023-10-03,42.806,69.032,32.469,16.027,1.112,29.004,15.861,58.484,1.638,48.606
2023-10-04,43.090,107.826,48.968,16.443,0.954,32.107,14.215,44.819,5.584,63.686
2023-10-05,59.084,72.749,46.445,22.976,1.332,24.427,20.055,64.814,5.962,60.655
2023-10-06,40.607,74.823,47.807,26.493,1.472,23.846,14.951,73.234,3.213,52.312
2023-10-07,63.315,80.800,40.071,21.410,1.263,29.055,16.053,49.864,6.386,63.912
2023-10-08,43.028,98.153,28.676,23.444,0.960,35.611,15.205,66.181,2.299,56.695
2023-10-09,55.409,85.497,47.823,23.049,1.337,34.506,13.888,79.491,5.689,62.918
2023-10-10,47.751,73.081,37.837,27.095,1.079,23.970,15.236,35.653,5.975,53.367
2023-10-11,55.291,98.087,28.882,10.252,1.424,34.565,9.269,72.640,7.765,62.848
2023-10-12,46.208,92.964,50.816,23.336,1.645,24.148,10.544,49.389,2.242,61.156
2023-10-13,49.362,91.160,56.795,24.919,0.418,18.729,16.270,37.359,1.203,63.388
2023-10-14,51.104,93.064,39.670,13.306,1.233,27.430,19.964,62.739,2.473,61.405
2023-10-15,42.881,109.991,57.273,15.572,0.679,37.861,16.344,43.576,1.421,65.892
2023-10-16,56.954,108.050,40.731,15.746,1.933,34.592,13.181,79.282,1.773,69.038
2023-10-17,47.060,79.493,36.956,16.356,1.060,29.989,11.060,32.574,3.006,54.769
2023-10-18,49.484,102.771,34.956,17.591,1.424,27.083,17.791,35.919,3.605,62.565
2023-10-19,43.514,90.545,53.097,21.213,1.189,27.272,13.788,61.260,7.278,59.539
2023-10-20,31.133,91.895,33.759,24.328,0.959,30.761,17.474,65.337,1.967,49.887
2023-10-21,50.276,70.182,45.882,25.407,0.923,22.521,16.771,73.793,7.788,55.369
2023-10-22,71.286,85.612,35.527,15.811,1.676,27.563,17.097,45.556,6.576,68.432
2023-10-23,58.451,79.408,36.318,15.776,1.487,28.491,15.825,80.506,7.111,60.311
2023-10-24,52.217,96.047,48.242,26.579,1.783,20.542,16.941,87.189,7.471,64.571
2023-10-25,50.473,98.716,36.960,23.234,1.217,24.131,15.500,59.942,6.149,62.243
2023-10-26,52.969,67.510,36.762,20.414,1.286,32.874,14.024,75.632,6.416,54.090
2023-10-27,57.388,88.293,49.062,22.367,1.120,30.067,13.113,61.491,3.784,64.994
2023-10-28,43.794,99.999,52.779,19.851,1.114,27.839,8.925,34.168,4.328,62.453
2023-10-29,62.393,87.191,45.158,22.623,0.887,23.620,15.616,49.567,7.494,66.385
2023-10-30,59.446,96.634,34.762,18.320,1.225,41.038,20.799,35.249,3.337,65.666
2023-10-31,59.722,93.151,35.915,21.344,0.963,24.134,18.516,89.333,0.815,64.989
2023-11-01,57.745,93.360,40.639,12.447,1.333,31.761,17.095,43.742,6.221,65.008
2023-11-02,54.662,87.543,42.567,16.561,1.251,26.585,14.300,68.154,4.799,62.108
2023-11-03,60.164,78.413,32.097,16.615,1.286,30.254,19.586,47.061,6.612,60.025
2023-11-04,59.799,79.694,45.784,18.128,1.703,33.203,16.330,69.195,1.067,62.965
2023-11-05,52.523,98.342,40.684,15.367,1.189,20.408,21.510,42.624,5.159,63.901
2023-11-06,51.065,91.791,26.274,17.332,1.427,29.954,13.941,77.116,2.358,58.325
2023-11-07,56.774,90.567,32.569,12.428,1.815,38.335,14.736,36.649,7.275,62.071
2023-11-08,68.664,88.078,35.967,22.744,1.592,42.331,14.549,83.709,1.324,67.949
2023-11-09,46.678,89.638,39.417,19.587,1.546,29.090,12.751,80.425,6.823,58.114
2023-11-10,45.177,103.540,55.114,11.474,1.108,30.292,14.495,70.728,1.164,64.673
2023-11-11,58.569,90.107,41.905,15.826,1.269,45.479,17.727,34.045,0.688,64.698
2023-11-12,57.998,80.445,33.274,21.683,0.805,37.944,15.394,42.514,2.263,59.787
2023-11-13,59.324,101.697,41.765,17.285,1.350,25.679,6.077,81.562,2.998,68.524
2023-11-14,60.242,92.624,37.183,16.515,1.282,25.667,20.986,37.318,5.199,65.345
2023-11-15,56.865,95.406,42.598,19.627,1.207,36.696,12.831,39.356,1.488,65.574
2023-11-16,70.935,111.595,44.645,21.718,1.508,22.923,19.773,62.640,3.780,77.875
2023-11-17,46.581,95.748,49.674,12.818,0.838,37.614,18.223,46.451,2.032,61.950
2023-11-18,53.139,99.286,39.806,22.751,1.690,32.340,24.608,43.325,6.915,64.316
2023-11-19,59.325,85.054,53.112,15.999,1.471,33.624,21.375,64.549,0.837,65.801
2023-11-20,47.396,95.101,47.264,19.910,1.179,28.203,17.000,52.355,3.170,61.681
2023-11-21,59.530,103.855,34.340,19.823,1.155,25.591,16.539,38.434,5.235,67.790
2023-11-22,74.630,82.675,57.679,17.365,1.344,40.234,23.288,62.091,7.348,73.653
2023-11-23,61.913,100.712,42.616,14.882,1.656,28.273,14.488,53.221,7.010,69.693
2023-11-24,64.004,100.192,33.319,18.572,1.230,27.123,19.625,74.071,7.214,68.723
2023-11-25,52.495,100.085,53.223,28.127,1.243,29.439,18.799,36.165,0.971,66.917
2023-11-26,58.068,110.537,56.622,13.192,1.205,31.351,18.303,67.237,6.807,73.520
2023-11-27,60.425,104.009,39.736,28.462,1.735,22.784,20.536,56.190,6.349,69.363
2023-11-28,61.318,115.951,35.971,18.701,1.089,26.046,20.189,54.364,7.268,72.638
2023-11-29,74.551,91.745,38.621,20.177,1.191,25.674,21.138,43.937,2.837,72.523
2023-11-30,69.201,103.556,45.718,14.566,1.639,35.917,20.330,31.826,7.338,74.811
2023-12-01,56.295,103.563,50.223,16.144,1.244,23.798,21.315,80.861,3.520,69.261
2023-12-02,67.610,92.552,44.564,17.485,1.541,17.710,20.493,49.585,5.256,70.483
2023-12-03,70.079,113.339,40.814,14.772,0.927,16.230,18.386,70.865,3.681,77.204
2023-12-04,75.674,127.559,51.984,18.955,1.138,19.707,20.530,86.855,3.707,86.502
2023-12-05,79.661,104.683,37.497,17.965,1.645,39.531,18.529,63.899,4.600,78.735
2023-12-06,59.363,110.448,48.247,29.254,0.997,30.113,18.487,53.829,3.169,72.466
2023-12-07,61.469,106.793,37.695,14.170,1.155,33.509,19.977,46.096,6.446,70.311
2023-12-08,58.369,99.366,43.448,20.513,1.277,33.755,20.785,86.043,5.252,67.684
2023-12-09,67.036,88.852,39.091,21.239,0.903,30.393,21.408,70.925,5.673,67.992
2023-12-10,73.121,100.564,39.553,14.648,1.076,29.477,24.212,69.917,2.233,74.640
2023-12-11,77.773,94.267,36.981,23.434,1.234,37.312,20.129,55.569,7.772,74.563
2023-12-12,69.754,125.797,50.759,18.008,1.214,31.022,22.378,80.703,5.451,82.768
2023-12-13,68.294,108.177,34.137,7.538,1.584,39.794,22.305,72.820,1.979,73.427
2023-12-14,72.560,106.444,34.078,23.299,1.662,34.346,20.289,46.991,6.129,75.029
2023-12-15,65.160,119.373,56.968,14.415,0.943,25.675,22.502,65.975,1.803,79.786
2023-12-16,89.056,99.845,47.823,14.761,1.233,26.520,25.455,55.812,0.975,84.046
2023-12-17,59.979,103.978,20.919,23.440,1.402,24.908,23.173,30.395,4.457,65.366
2023-12-18,74.820,112.913,35.478,18.264,1.655,38.523,23.461,78.457,4.651,78.380
2023-12-19,90.036,123.109,25.504,24.589,1.416,27.165,20.833,37.370,1.917,87.051
2023-12-20,74.408,118.429,32.394,26.051,1.287,24.411,29.024,60.597,3.113,79.211
2023-12-21,73.341,116.488,14.892,16.775,1.400,32.238,21.342,50.174,7.593,74.595
2023-12-22,72.511,115.380,38.904,23.966,1.402,29.320,18.454,50.525,2.638,78.651
2023-12-23,74.439,119.198,30.864,16.223,0.922,32.062,26.208,58.642,1.667,79.151
2023-12-24,87.377,117.809,40.479,31.166,1.258,43.229,23.453,89.821,7.944,87.127
2023-12-25,59.212,106.092,26.999,16.535,1.638,36.391,23.060,54.503,2.767,66.833
2023-12-26,89.689,117.452,40.663,25.130,1.138,30.189,22.504,40.940,5.602,88.213
2023-12-27,66.544,106.855,36.681,24.219,1.239,20.141,29.927,66.816,2.237,72.665
2023-12-28,76.318,119.004,52.016,21.580,1.127,26.500,25.548,44.177,4.626,84.263
2023-12-29,75.533,113.989,51.291,16.647,0.506,34.977,26.305,36.333,3.397,82.221
2023-12-30,84.192,144.791,46.283,19.243,1.206,21.803,25.316,33.010,7.712,94.790
2023-12-31,67.215,119.601,37.387,9.232,1.291,44.987,25.810,31.373,3.746,76.965
2024-01-01,84.214,106.560,55.883,21.122,1.046,30.101,29.368,55.870,4.881,85.252
2024-01-02,97.227,119.863,27.576,21.748,0.854,30.342,24.592,55.604,7.586,90.088
2024-01-03,70.643,127.000,28.772,20.667,0.936,25.333,21.145,41.133,7.919,79.176
2024-01-04,83.582,139.142,39.330,5.133,1.429,33.477,28.292,77.041,1.262,91.399
2024-01-05,77.283,117.114,58.032,13.672,1.792,21.894,27.350,37.756,6.757,85.382
2024-01-06,86.500,107.784,38.381,16.260,1.615,45.154,26.355,84.919,3.366,83.262
2024-01-07,83.759,132.376,38.534,21.458,0.797,39.221,27.614,65.255,4.961,89.299
2024-01-08,78.986,110.999,28.465,21.447,1.456,36.890,25.261,31.657,3.313,78.486
2024-01-09,88.532,121.039,47.567,19.149,1.001,20.267,26.605,87.778,3.508,90.091
2024-01-10,99.574,123.419,47.625,23.176,1.025,31.438,26.318,48.476,1.691,96.338
2024-01-11,84.120,125.892,46.313,14.869,1.061,38.464,25.108,56.998,4.796,89.090
2024-01-12,91.911,134.070,34.966,23.051,1.412,34.152,30.619,47.056,4.600,93.170
2024-01-13,76.311,120.931,34.346,22.374,1.488,22.985,22.982,73.705,1.920,81.304
2024-01-14,79.509,125.616,29.655,21.888,1.171,25.449,34.469,59.141,4.563,83.370
2024-01-15,91.440,128.795,40.671,19.090,1.176,26.836,30.186,37.942,7.798,92.493
2024-01-16,100.032,131.015,31.357,29.154,1.339,25.776,22.386,36.252,5.858,95.592
2024-01-17,91.499,131.075,30.581,22.466,1.370,40.701,27.212,73.523,4.107,91.188
2024-01-18,86.643,135.032,36.610,15.158,1.553,16.553,27.544,44.225,7.371,91.153
2024-01-19,89.632,139.683,36.087,21.242,0.815,34.591,29.388,38.268,4.815,93.938
2024-01-20,80.122,135.740,35.696,23.762,1.206,20.954,25.407,59.966,1.513,87.922
2024-01-21,95.446,136.915,43.732,17.059,0.880,23.271,28.633,78.166,4.606,97.544
2024-01-22,98.150,117.118,40.632,25.446,1.185,15.932,28.334,46.727,1.857,92.337
2024-01-23,87.953,134.000,37.695,21.910,1.132,26.157,26.644,46.586,6.256,91.716
2024-01-24,88.284,138.847,41.464,8.288,1.186,40.575,26.385,80.033,7.754,94.089
2024-01-25,94.643,141.891,32.068,21.498,0.960,31.854,31.928,38.870,3.206,96.302
2024-01-26,89.490,128.224,40.842,17.970,0.754,21.611,24.238,67.004,3.762,91.380
2024-01-27,92.918,129.098,41.205,22.686,0.572,37.120,30.916,87.301,3.661,93.429
2024-01-28,110.704,130.483,27.976,24.721,1.161,38.619,32.028,80.478,2.640,100.092
2024-01-29,92.386,142.120,47.966,20.976,1.071,30.728,29.132,33.709,6.456,98.422
2024-01-30,91.947,147.621,32.949,28.326,0.997,44.243,30.095,49.195,5.133,96.849
2024-01-31,90.080,133.729,40.722,19.106,1.597,35.751,33.577,38.542,0.980,93.303
2024-02-01,101.656,147.399,49.315,23.124,0.942,34.779,28.120,86.954,6.791,104.911
2024-02-02,94.690,140.065,47.405,24.025,1.625,24.376,28.575,89.156,1.903,98.846
2024-02-03,91.378,138.092,40.275,19.513,1.687,34.392,29.038,44.100,7.844,95.172
2024-02-04,107.571,137.721,37.100,23.894,0.615,31.518,34.163,70.182,3.325,102.522
2024-02-05,108.781,147.794,47.580,17.027,1.228,33.639,34.685,80.498,5.123,108.245
2024-02-06,93.038,144.071,45.398,17.887,1.080,25.208,26.760,44.021,1.084,98.820
2024-02-07,83.322,164.055,35.053,13.438,0.326,30.897,34.103,41.261,3.085,97.888
2024-02-08,106.722,133.249,33.641,21.207,0.767,24.282,33.677,30.673,6.518,100.064
2024-02-09,93.586,147.421,23.421,21.626,1.432,14.970,36.015,54.718,4.079,95.704
2024-02-10,105.784,137.410,41.232,25.896,1.806,36.988,32.642,83.966,7.285,102.361
2024-02-11,84.088,134.464,39.338,23.956,1.471,19.483,31.484,84.179,4.814,90.251
2024-02-12,107.374,143.497,49.090,18.576,1.297,30.750,35.180,37.665,7.464,106.554
2024-02-13,90.922,145.420,42.872,14.109,1.194,32.331,33.967,42.261,7.870,97.662
2024-02-14,106.830,173.663,50.674,22.164,1.705,32.286,38.729,54.483,3.904,115.649
2024-02-15,101.464,143.067,34.421,25.554,1.844,28.018,34.993,76.837,4.739,100.536
2024-02-16,94.078,134.026,49.105,23.776,1.024,31.898,32.697,66.711,6.762,97.068
2024-02-17,98.806,148.470,35.769,25.422,0.600,33.297,28.832,60.831,2.161,101.098
2024-02-18,107.900,125.398,46.221,18.941,0.571,35.145,30.727,65.516,6.962,100.813
2024-02-19,103.596,145.621,28.330,17.667,1.597,42.134,28.275,35.772,4.939,101.150
2024-02-20,107.758,147.090,41.881,16.315,1.186,31.639,32.049,58.660,5.941,106.382
2024-02-21,119.220,155.256,24.122,19.721,1.255,30.448,35.581,89.524,1.099,111.012
2024-02-22,91.214,157.419,37.863,19.607,0.663,23.653,32.898,35.307,6.246,100.406
2024-02-23,116.979,143.012,43.523,21.033,0.974,33.052,36.079,61.155,2.831,110.097
2024-02-24,105.181,146.898,35.832,19.354,1.111,34.672,34.128,47.739,6.539,103.826
2024-02-25,97.454,141.090,31.596,19.332,1.262,28.654,32.005,62.395,4.319,97.373
2024-02-26,94.293,137.810,46.769,16.117,1.080,33.812,33.575,64.429,2.560,97.843
2024-02-27,103.706,152.521,39.172,24.708,0.889,27.952,34.822,64.648,7.646,105.443
2024-02-28,112.868,137.008,36.083,20.383,0.965,34.697,33.916,81.133,6.238,104.753
2024-02-29,104.743,145.910,40.335,19.128,1.562,36.388,34.040,53.385,7.893,104.211
2024-03-01,118.113,140.409,61.093,16.263,1.273,36.290,31.367,60.981,3.234,113.398
2024-03-02,94.667,156.153,49.228,13.340,1.384,30.825,32.460,30.656,5.369,104.025
2024-03-03,106.425,168.957,49.301,26.540,0.930,22.720,40.616,77.373,5.087,113.760
2024-03-04,96.740,138.203,43.484,22.773,0.314,25.717,37.605,45.569,5.657,98.528
2024-03-05,109.898,132.957,41.332,11.880,1.043,34.166,29.575,78.993,0.787,103.102
2024-03-06,114.306,150.497,20.831,23.816,0.940,47.142,26.969,45.938,2.688,106.468
2024-03-07,104.058,152.151,34.568,24.612,1.305,27.615,34.370,30.647,7.320,104.588
2024-03-08,86.795,154.421,36.155,20.622,2.186,33.191,36.890,39.290,3.679,96.955
2024-03-09,109.418,148.001,25.001,27.991,1.409,26.108,32.716,89.141,7.705,104.109
2024-03-10,111.509,150.678,30.741,21.084,2.021,23.182,37.403,49.188,2.101,107.106
2024-03-11,111.430,156.570,24.153,12.916,1.371,25.266,34.578,36.529,7.981,107.517
2024-03-12,118.254,163.500,39.693,21.826,1.011,15.423,33.967,37.126,5.732,116.116
2024-03-13,99.963,133.736,46.550,21.224,1.304,39.474,36.779,48.621,6.323,99.413
2024-03-14,114.129,149.779,48.854,16.984,1.734,14.389,32.967,32.259,3.476,111.769
2024-03-15,118.374,155.778,43.318,22.868,1.749,28.153,33.751,60.689,7.303,114.584
2024-03-16,94.743,144.621,32.293,11.662,1.027,21.753,36.668,42.824,4.591,97.217
2024-03-17,111.659,171.264,24.543,24.953,1.276,23.809,34.606,61.159,5.607,112.117
2024-03-18,105.190,147.739,25.945,15.609,0.771,39.636,40.467,38.446,1.211,102.106
2024-03-19,108.683,153.812,29.848,15.075,1.447,31.407,36.860,55.791,5.238,106.455
2024-03-20,112.221,159.906,32.889,19.431,1.666,23.242,36.700,65.875,7.093,110.660
2024-03-21,105.636,148.544,38.722,22.165,1.212,25.873,34.696,33.720,1.837,105.126
2024-03-22,104.215,136.092,31.887,20.820,1.000,24.642,37.498,53.925,6.033,99.312
2024-03-23,109.971,150.361,42.712,16.287,1.308,29.695,33.932,48.151,0.691,108.636
2024-03-24,101.069,165.022,38.142,17.470,1.325,31.210,35.769,44.422,7.447,107.669
2024-03-25,101.140,151.429,40.084,14.335,1.224,43.269,32.193,66.272,7.872,104.015
2024-03-26,115.313,146.393,49.122,18.877,1.254,16.586,38.078,65.313,3.156,111.399
2024-03-27,100.729,164.163,30.558,25.375,1.148,29.756,35.845,67.842,1.303,105.725
2024-03-28,115.284,151.637,43.350,19.979,1.499,27.791,40.932,39.533,5.439,111.803
2024-03-29,113.678,149.872,39.888,24.297,1.421,36.626,42.169,47.143,0.724,109.778
2024-03-30,96.187,156.486,37.332,27.277,0.905,32.484,37.288,42.581,4.119,102.506
2024-03-31,104.579,162.707,47.082,17.060,0.897,34.133,35.205,62.430,2.538,110.518
2024-04-01,119.550,178.814,47.032,19.067,1.124,32.416,32.161,57.664,4.050,122.826
2024-04-02,102.137,163.256,32.428,30.856,1.421,23.476,37.710,49.818,0.637,106.531
2024-04-03,106.251,166.559,38.543,27.222,1.244,38.479,35.620,77.161,0.887,110.802
2024-04-04,113.634,149.867,42.250,11.638,1.007,35.590,36.593,35.638,0.620,110.227
2024-04-05,116.167,144.624,37.816,21.936,1.278,36.409,40.156,88.494,5.143,109.034
2024-04-06,107.841,155.452,44.680,20.003,1.101,38.848,32.478,36.993,4.701,109.492
2024-04-07,105.018,155.836,42.250,24.132,1.464,32.924,32.160,76.384,2.249,107.709
2024-04-08,121.112,143.904,54.660,16.275,1.300,40.367,34.202,52.094,5.350,114.659
2024-04-09,123.572,152.851,27.758,15.802,1.105,32.643,37.350,81.916,7.132,113.193
2024-04-10,117.409,158.501,39.021,16.620,1.269,28.467,36.524,34.450,2.580,114.059
2024-04-11,110.170,158.006,32.732,17.140,1.595,29.954,32.142,52.483,6.740,109.033
2024-04-12,102.922,159.329,44.833,24.077,1.029,29.833,37.066,50.127,5.469,108.227
2024-04-13,102.637,157.070,27.063,14.094,1.321,26.364,31.156,89.589,0.754,103.852
2024-04-14,113.344,148.954,42.771,16.887,1.179,41.423,32.208,89.133,3.314,109.912
2024-04-15,112.385,148.739,34.960,11.055,1.328,32.074,34.333,41.388,4.308,107.806
2024-04-16,120.117,141.732,34.127,25.036,1.004,30.663,32.974,67.797,5.988,109.403
2024-04-17,113.965,171.403,28.428,26.355,1.233,32.718,37.257,62.131,2.653,114.089
2024-04-18,96.586,153.513,36.279,18.365,1.532,50.859,35.396,39.262,7.870,101.603
2024-04-19,116.866,150.944,48.676,18.510,0.919,22.078,39.780,40.067,5.634,113.452
2024-04-20,100.298,143.709,39.798,22.266,0.801,24.085,33.686,89.355,3.296,101.221
2024-04-21,105.035,182.147,45.021,27.372,0.813,20.336,34.002,57.164,1.228,116.166
2024-04-22,109.923,141.842,53.317,22.043,0.849,28.372,37.938,37.548,1.860,108.178
2024-04-23,123.694,148.062,42.110,16.512,1.379,31.719,33.970,42.887,4.157,114.688
2024-04-24,132.407,156.274,35.530,11.906,0.778,26.743,38.658,46.101,4.210,120.191
2024-04-25,112.172,157.873,43.738,14.424,1.111,26.222,35.729,60.655,6.258,112.196
2024-04-26,105.635,161.197,35.646,20.366,1.385,30.997,26.975,50.133,5.946,108.306
2024-04-27,111.151,169.430,35.965,16.723,1.325,26.485,37.491,57.301,2.010,113.598
2024-04-28,113.743,156.144,27.841,20.975,1.084,32.171,36.619,39.990,4.962,109.283
2024-04-29,103.835,140.240,47.410,17.235,1.257,37.800,36.654,49.604,0.655,103.472
2024-04-30,120.513,147.940,36.912,14.709,1.232,34.739,27.984,34.219,3.489,112.021
2024-05-01,107.735,153.288,41.457,14.115,1.133,36.167,31.642,83.383,6.231,108.145
2024-05-02,109.612,170.584,31.712,27.812,1.137,37.601,31.777,41.925,3.496,112.323
2024-05-03,110.685,135.606,43.488,24.445,1.871,31.980,30.929,75.414,6.767,104.722
2024-05-04,108.450,161.283,33.904,28.653,1.443,28.890,38.585,50.973,7.821,109.391
2024-05-05,111.502,150.722,38.866,22.700,1.944,24.594,33.228,58.464,5.054,108.741
2024-05-06,99.558,156.957,47.023,17.850,1.051,27.262,33.056,47.476,1.588,106.271
2024-05-07,99.728,147.207,46.326,26.617,1.175,26.334,34.721,71.786,3.348,103.291
2024-05-08,95.084,139.442,39.824,19.835,0.800,35.122,34.670,80.673,0.571,97.340
2024-05-09,107.086,155.006,25.855,21.104,0.957,32.427,22.852,47.176,5.020,105.216
2024-05-10,109.478,153.665,63.942,19.786,1.771,34.877,30.810,44.533,6.662,113.627
2024-05-11,106.579,156.457,53.967,5.265,1.043,21.878,28.401,70.886,5.225,111.020
2024-05-12,115.976,146.210,45.781,28.024,1.776,40.022,33.728,41.709,6.396,111.007
2024-05-13,102.192,139.945,33.974,22.455,0.827,27.011,31.546,68.390,6.499,99.874
2024-05-14,107.237,129.947,39.091,21.649,0.884,22.300,32.342,35.666,6.883,100.421
2024-05-15,92.797,153.312,35.653,19.691,1.098,26.925,25.941,67.208,2.500,99.523
2024-05-16,98.071,148.934,50.111,20.817,1.181,47.386,31.126,60.804,7.035,103.738
2024-05-17,106.363,134.607,42.100,17.014,1.477,27.286,35.278,36.834,5.406,101.983
2024-05-18,107.216,138.441,33.727,23.083,1.335,27.724,36.036,68.946,2.673,101.886
2024-05-19,97.690,138.715,36.234,13.465,1.075,28.655,33.837,56.793,7.905,97.706
2024-05-20,99.082,128.101,48.970,20.930,1.160,28.960,27.545,43.027,7.626,97.765
2024-05-21,87.119,134.295,52.801,22.808,1.104,24.530,35.199,51.203,4.808,94.408
2024-05-22,96.007,130.668,52.227,19.007,0.926,31.002,33.460,59.526,6.824,97.649
2024-05-23,105.582,137.410,46.056,21.854,0.934,37.529,30.801,35.493,2.461,103.225
2024-05-24,102.650,133.670,37.979,15.043,1.508,32.200,24.941,87.457,3.620,99.022
2024-05-25,101.639,124.302,14.068,15.171,0.652,22.222,33.739,69.934,1.880,90.924
2024-05-26,97.611,160.308,42.377,21.184,1.685,27.590,28.961,36.152,4.401,105.374
2024-05-27,96.844,152.111,39.985,23.393,1.097,26.139,31.634,79.372,4.220,102.052
2024-05-28,91.075,131.293,41.120,10.626,0.968,30.371,30.658,49.353,2.096,93.149
2024-05-29,101.513,141.300,40.431,22.610,1.422,39.313,34.922,65.808,5.546,101.232
2024-05-30,98.850,142.237,29.390,17.284,1.646,28.958,29.785,46.629,1.383,97.974
2024-05-31,98.973,149.454,44.459,19.036,1.535,29.383,29.967,74.004,0.963,103.215
2024-06-01,90.380,128.833,45.058,13.302,1.351,42.444,34.599,73.381,3.387,92.852
2024-06-02,76.908,147.412,45.459,15.742,1.526,36.133,27.737,63.123,3.574,91.769
2024-06-03,102.454,130.478,47.573,24.831,0.685,34.019,32.002,44.456,2.898,99.885
2024-06-04,89.385,122.060,44.832,20.164,1.043,43.707,28.809,45.222,2.435,90.277
2024-06-05,85.848,142.116,36.720,18.086,0.927,33.429,26.242,52.972,3.041,92.903
2024-06-06,97.829,147.235,39.433,19.418,1.567,16.094,29.097,38.701,1.725,100.971
2024-06-07,88.672,159.655,40.729,22.446,1.085,35.829,31.011,50.259,3.526,100.378
2024-06-08,99.811,121.223,40.862,22.202,1.454,18.856,32.838,71.061,7.285,94.444
2024-06-09,95.787,139.649,47.986,19.625,1.361,33.164,33.041,79.851,2.183,99.386
2024-06-10,95.837,127.998,45.149,25.465,0.941,18.004,27.572,49.955,5.633,95.348
2024-06-11,78.955,139.363,56.619,24.852,1.024,26.732,25.332,44.015,1.563,92.610
2024-06-12,99.089,116.254,57.652,22.067,1.588,27.454,27.175,79.959,3.154,95.951
2024-06-13,90.991,117.757,40.637,20.273,0.967,24.609,24.423,83.442,2.909,88.950
2024-06-14,85.453,122.049,9.307,23.287,1.237,27.558,27.150,54.601,7.528,81.203
2024-06-15,89.057,130.018,49.895,21.571,0.965,37.228,26.612,31.614,3.710,93.513
2024-06-16,73.201,122.235,35.677,25.304,1.106,25.002,29.653,71.698,5.678,80.406
2024-06-17,90.178,134.651,33.588,24.498,1.186,33.816,20.685,77.042,5.018,92.202
2024-06-18,78.171,137.742,36.812,14.909,0.965,23.240,24.934,31.081,1.558,87.770
2024-06-19,75.079,132.879,36.427,14.570,0.912,28.674,24.790,65.702,7.547,84.689
2024-06-20,73.214,142.480,44.898,16.494,1.286,32.267,30.359,65.302,3.094,88.331
2024-06-21,93.786,129.857,27.525,24.881,0.947,23.024,23.287,52.722,0.836,91.355
2024-06-22,79.340,112.934,31.378,12.118,0.957,20.818,27.138,74.986,2.753,79.826
2024-06-23,96.132,138.140,42.745,21.974,0.918,33.443,25.903,55.691,3.017,98.057
2024-06-24,79.063,117.857,44.984,21.813,1.177,37.862,29.246,70.607,1.196,83.885
2024-06-25,69.177,132.413,45.132,25.813,1.483,29.447,27.733,61.027,5.150,83.339
2024-06-26,73.389,138.446,33.704,20.902,1.652,26.799,26.138,44.908,3.101,84.969
2024-06-27,91.693,126.674,32.174,13.284,0.982,31.090,23.938,66.390,5.219,90.284
2024-06-28,80.043,106.544,35.947,15.203,1.845,30.388,19.873,74.215,0.551,79.174
2024-06-29,76.388,111.722,41.919,14.090,0.899,31.700,25.999,88.434,7.865,80.094
2024-06-30,81.538,133.529,51.884,17.310,1.525,12.302,26.678,52.807,1.779,91.205
2024-07-01,83.756,118.008,23.621,19.085,0.983,22.516,20.189,33.868,5.445,82.004
2024-07-02,88.165,119.892,38.234,14.173,0.939,24.083,21.041,89.278,5.868,87.697
2024-07-03,90.297,126.082,29.339,27.353,0.977,31.056,25.327,67.428,1.787,88.841
2024-07-04,75.315,124.856,26.782,13.374,1.184,31.301,25.415,86.787,1.338,80.471
2024-07-05,67.070,120.079,47.736,26.731,1.374,34.453,21.254,36.230,1.644,79.106
2024-07-06,73.856,114.605,44.357,25.926,1.401,31.803,22.332,50.522,2.351,80.181
2024-07-07,78.732,112.965,43.595,24.492,0.917,20.895,18.374,38.036,1.762,81.975
2024-07-08,68.427,124.073,47.368,16.531,0.903,40.129,27.844,80.131,5.555,80.909
2024-07-09,67.969,120.433,36.162,21.712,0.925,38.903,19.642,82.821,3.656,77.347
2024-07-10,77.866,111.729,36.539,13.613,1.167,21.193,24.999,60.079,4.533,79.759
2024-07-11,74.218,124.529,57.486,24.555,1.137,32.329,23.097,41.196,0.855,85.965
2024-07-12,74.362,111.826,38.027,19.630,0.915,25.832,26.902,37.627,6.959,78.334
2024-07-13,67.526,104.010,45.881,17.953,1.281,30.972,20.488,65.290,1.779,74.142
2024-07-14,71.248,104.350,40.051,13.881,1.879,37.373,22.881,60.383,3.201,74.939
2024-07-15,65.195,101.567,25.214,7.612,1.049,44.911,17.434,71.687,1.039,68.111
2024-07-16,79.212,108.048,23.643,14.807,1.070,35.259,16.548,48.312,1.526,76.749
2024-07-17,79.875,122.529,35.368,25.564,1.368,32.065,23.987,54.142,5.493,83.770
2024-07-18,56.329,101.564,48.449,17.986,1.032,27.621,16.678,31.282,5.694,68.324
2024-07-19,63.171,110.926,46.306,19.153,1.401,31.275,21.184,66.609,5.577,74.124
2024-07-20,58.146,101.904,47.313,23.278,0.984,39.518,24.740,55.389,4.641,69.106
2024-07-21,64.431,105.300,32.104,29.028,1.750,29.687,23.784,85.186,7.644,70.227
2024-07-22,68.481,92.240,52.927,26.625,1.303,23.797,19.389,68.507,4.304,72.498
2024-07-23,57.072,104.575,32.281,15.138,1.014,18.662,16.457,53.922,3.871,66.364
2024-07-24,60.817,104.287,41.703,10.287,1.023,33.591,22.593,45.815,2.357,70.035
2024-07-25,59.688,111.075,39.917,31.798,1.046,31.731,24.933,84.317,1.241,71.150
2024-07-26,68.908,107.358,38.609,31.345,1.612,25.479,18.763,30.976,4.611,74.383
2024-07-27,67.339,92.598,50.709,20.942,0.819,37.182,18.185,49.615,2.862,71.591
2024-07-28,60.549,114.885,34.359,13.648,1.000,27.048,18.866,86.610,4.430,71.612
2024-07-29,67.280,105.612,29.203,24.816,1.032,29.057,22.003,69.242,2.046,71.164
2024-07-30,61.038,104.964,40.160,19.460,1.195,29.883,23.823,61.963,6.786,70.040
2024-07-31,62.790,102.365,36.801,19.435,1.119,27.543,16.269,42.212,7.998,69.464
2024-08-01,77.906,96.760,67.019,24.472,0.753,31.651,15.345,80.002,2.918,81.385
2024-08-02,74.802,103.602,45.412,21.672,1.080,38.061,26.713,42.252,6.817,77.564
2024-08-03,53.246,105.672,36.725,14.071,1.170,22.003,19.016,44.895,7.047,65.670
2024-08-04,69.850,82.945,31.551,18.376,1.012,33.420,20.163,41.511,7.971,66.119
2024-08-05,69.278,94.530,24.958,23.306,1.406,31.205,17.186,39.489,3.070,67.990
2024-08-06,53.180,96.878,31.798,22.551,1.476,31.076,20.592,87.199,6.170,62.013
2024-08-07,68.501,101.505,40.920,21.310,1.176,36.103,21.864,66.122,2.216,72.886
2024-08-08,73.845,110.398,51.419,24.667,1.269,30.345,19.747,68.270,5.186,80.326
2024-08-09,52.157,90.276,48.974,18.191,0.552,33.362,23.935,87.260,5.786,62.956
2024-08-10,53.398,92.548,41.833,20.893,1.074,35.011,17.599,43.835,6.058,62.830
2024-08-11,68.487,91.944,37.415,3.122,1.501,26.469,17.660,30.355,2.054,69.309
2024-08-12,62.130,88.602,42.150,17.752,1.073,32.094,19.014,65.933,6.865,66.076
2024-08-13,63.989,92.701,35.851,23.820,0.979,28.244,19.587,60.471,3.657,66.975
2024-08-14,61.926,103.443,53.747,18.048,1.883,29.071,18.751,58.659,2.123,72.745
2024-08-15,61.958,84.766,38.486,17.669,1.746,27.746,14.091,33.713,4.569,64.106
2024-08-16,47.858,99.159,39.309,14.793,1.340,33.298,18.761,57.266,6.975,61.539
2024-08-17,66.492,77.446,22.273,25.017,1.542,30.572,16.582,47.254,7.753,60.935
2024-08-18,67.120,88.444,38.437,22.742,0.532,32.762,15.845,46.474,6.112,67.780
2024-08-19,55.585,90.362,46.692,24.127,0.964,29.877,17.571,43.343,0.542,64.239
2024-08-20,56.736,110.012,31.458,11.369,1.059,18.771,14.477,49.952,1.510,67.663
2024-08-21,44.505,90.131,33.994,19.198,1.129,30.220,13.845,51.188,1.072,56.090
2024-08-22,60.545,70.490,46.342,18.599,1.053,30.445,9.297,48.527,1.259,60.688
2024-08-23,60.691,72.145,28.187,18.597,0.435,31.698,22.280,88.725,3.373,57.626
2024-08-24,55.308,92.113,48.462,16.920,1.316,25.844,18.602,85.964,3.039,64.981
2024-08-25,64.499,97.559,35.743,18.269,1.363,21.632,16.484,64.471,1.353,68.666
2024-08-26,52.537,94.832,36.891,24.248,1.681,34.372,14.735,88.863,7.117,62.096
2024-08-27,59.439,92.418,31.009,10.436,0.964,28.085,8.013,89.472,5.116,63.647
2024-08-28,46.485,102.039,43.024,28.886,0.939,31.199,14.362,51.356,6.473,62.459
2024-08-29,54.182,84.703,59.679,22.419,0.396,28.030,18.604,56.711,3.287,64.438
2024-08-30,52.711,98.739,46.252,19.788,1.112,29.958,19.195,87.544,3.577,65.228
2024-08-31,55.651,73.170,33.086,24.534,1.470,26.855,18.210,66.518,2.882,56.394
2024-09-01,50.643,80.150,49.085,12.741,1.016,23.223,16.675,42.776,3.788,59.184
2024-09-02,52.306,70.848,37.467,16.676,1.843,33.316,20.031,71.363,5.078,54.901
2024-09-03,59.733,85.897,50.996,19.395,1.123,25.778,15.056,42.345,4.197,65.835
2024-09-04,49.405,87.920,46.453,26.828,1.244,31.148,19.222,50.361,6.784,60.369
2024-09-05,39.829,89.270,16.455,19.768,0.791,32.873,14.740,43.654,7.251,49.987
2024-09-06,66.469,88.503,31.967,22.250,1.286,25.892,13.181,44.699,4.023,66.179
2024-09-07,63.323,78.374,47.555,17.052,0.606,21.573,12.740,30.279,2.298,64.685
2024-09-08,41.740,85.522,41.213,22.434,1.408,46.983,12.499,82.843,7.589,54.769
2024-09-09,57.411,72.235,31.810,28.386,1.417,26.306,17.608,47.759,6.013,56.738
2024-09-10,47.693,100.636,34.931,24.978,1.608,34.364,13.344,35.182,5.301,61.024
2024-09-11,53.657,83.771,24.750,19.593,0.894,43.576,12.417,35.219,6.091,56.910
2024-09-12,53.743,81.732,39.293,23.377,1.248,35.529,17.604,63.361,1.070,59.250
2024-09-13,49.363,102.334,57.686,22.888,1.369,27.897,16.397,89.575,1.007,66.919
2024-09-14,44.826,73.856,46.439,22.533,1.333,29.530,18.253,38.701,1.648,53.858
2024-09-15,45.438,74.866,57.523,25.560,0.940,24.172,16.858,35.977,1.606,56.683
2024-09-16,43.507,75.014,47.059,25.522,0.482,36.172,13.019,56.298,3.655,53.669
2024-09-17,44.065,85.161,48.220,19.364,1.304,33.964,15.468,63.800,1.681,57.225
2024-09-18,50.074,90.030,55.793,23.209,1.154,26.399,15.579,47.663,6.909,63.205
2024-09-19,44.786,92.994,43.018,18.085,1.030,22.705,12.413,48.151,4.836,58.895
2024-09-20,55.878,111.212,38.502,15.385,1.429,20.751,11.827,55.469,3.262,69.003
2024-09-21,62.238,62.902,48.261,18.653,1.187,36.906,13.071,48.849,1.022,59.642
2024-09-22,45.626,91.398,51.631,19.619,0.804,30.843,21.199,84.920,4.933,60.559
2024-09-23,52.118,79.665,36.160,11.692,0.621,31.505,13.829,32.517,1.374,57.190
2024-09-24,54.144,79.307,34.227,24.302,0.861,24.239,18.748,44.074,6.074,57.710
2024-09-25,53.876,78.919,41.111,6.163,1.918,19.755,13.627,78.513,6.521,58.836
2024-09-26,50.670,75.985,46.652,33.574,1.417,36.738,17.687,80.037,4.580,57.461
2024-09-27,55.975,101.884,46.385,27.509,1.257,30.294,17.719,36.693,1.622,67.830
2024-09-28,53.872,93.439,28.607,18.695,1.146,36.351,17.862,88.426,6.401,60.689
2024-09-29,40.101,85.235,55.293,20.047,1.126,27.298,16.164,71.601,2.809,56.680
2024-09-30,56.954,98.510,34.871,21.515,1.550,28.342,19.132,46.356,2.170,65.004
2024-10-01,57.105,69.883,37.879,17.054,1.053,34.993,16.137,57.362,4.029,57.093
2024-10-02,43.916,71.719,32.779,20.963,1.373,35.126,20.148,47.828,7.420,50.030
2024-10-03,50.350,63.275,61.587,19.280,1.095,35.583,10.156,39.001,2.730,56.475
2024-10-04,55.547,78.099,41.937,19.529,1.782,27.934,16.072,47.471,7.292,59.591
2024-10-05,48.448,86.760,33.192,20.907,1.423,34.302,15.891,64.806,0.902,56.890
2024-10-06,58.757,86.231,46.911,13.432,1.574,37.764,12.248,79.558,1.126,64.630
2024-10-07,69.144,86.766,46.153,20.198,1.025,29.267,16.817,51.812,5.739,69.832
2024-10-08,44.014,71.242,38.498,20.817,1.517,26.406,10.630,50.874,1.929,51.079
2024-10-09,39.331,93.474,46.725,20.644,1.106,39.399,13.164,58.080,2.875,57.053
2024-10-10,52.896,87.940,33.398,18.921,1.233,25.419,9.158,68.673,1.523,59.510
2024-10-11,56.333,92.985,36.057,25.689,1.691,34.406,19.863,75.097,2.992,63.273
2024-10-12,48.818,66.848,23.918,18.232,0.887,29.591,14.527,49.608,2.603,49.247
2024-10-13,62.403,89.021,29.408,21.137,1.261,17.109,21.760,65.181,6.023,63.790
2024-10-14,40.189,74.170,54.461,26.486,1.331,37.900,17.708,53.362,5.765,53.238
2024-10-15,56.571,82.226,53.131,19.603,1.356,10.695,16.687,72.984,7.662,63.580
2024-10-16,46.319,91.704,40.526,21.072,1.065,16.111,13.630,39.880,5.933,58.776
2024-10-17,65.068,87.443,53.303,19.518,1.826,33.691,12.299,45.415,5.711,69.427
2024-10-18,67.408,78.198,38.719,26.187,0.812,33.689,17.058,55.564,5.707,64.907
2024-10-19,45.499,86.967,38.053,18.711,1.638,25.537,15.329,83.365,7.122,56.450
2024-10-20,47.408,71.790,40.452,26.417,1.565,31.035,11.584,64.400,2.722,53.331
2024-10-21,58.862,98.818,39.001,19.482,1.770,12.280,11.111,87.924,2.751,66.876
2024-10-22,49.077,85.483,38.278,15.703,0.724,34.949,12.848,36.197,6.059,57.839
2024-10-23,52.008,98.952,49.147,23.397,0.939,31.748,21.253,57.611,2.215,65.519
2024-10-24,52.779,82.740,41.201,18.477,1.648,29.681,22.499,55.145,7.340,59.452
2024-10-25,37.432,83.019,45.700,23.103,0.637,30.146,16.545,66.012,4.511,52.762
2024-10-26,52.900,80.871,48.251,6.353,0.718,33.453,16.451,78.718,2.751,60.362
2024-10-27,47.723,97.542,43.105,20.026,1.054,29.798,15.071,80.487,6.321,61.745
2024-10-28,49.533,81.963,32.238,17.702,1.258,16.882,13.356,70.212,2.842,55.803
2024-10-29,65.272,95.790,29.177,14.684,1.678,45.374,20.367,68.492,7.725,67.208
2024-10-30,43.924,85.815,41.190,17.234,1.144,38.406,21.946,86.942,7.872,55.945
2024-10-31,60.743,70.184,38.630,17.131,1.018,21.005,13.732,53.021,5.501,59.152
2024-11-01,52.274,84.553,40.699,19.760,1.293,27.584,16.253,79.967,1.352,59.643
2024-11-02,52.543,78.787,39.872,13.163,1.341,28.348,15.244,85.290,2.474,57.882
2024-11-03,61.388,91.248,60.669,21.581,1.332,37.552,15.428,59.492,4.366,70.202
2024-11-04,58.076,79.344,29.358,26.831,1.147,14.885,20.343,73.746,6.886,58.713
2024-11-05,60.219,100.856,24.080,21.405,0.613,26.507,12.949,52.621,1.887,65.182
2024-11-06,63.705,91.042,42.659,24.045,0.925,17.676,18.386,39.533,1.283,67.697
2024-11-07,53.621,90.541,36.989,25.473,1.626,28.004,19.275,65.190,1.059,61.371
2024-11-08,51.693,99.249,42.529,26.182,1.256,26.692,16.771,41.788,4.302,64.127
2024-11-09,48.236,102.710,44.671,29.351,1.103,30.558,19.985,57.456,7.135,63.865
2024-11-10,50.648,93.258,50.273,17.504,1.535,25.766,17.860,82.373,0.818,63.356
2024-11-11,81.184,86.144,27.942,16.408,0.861,24.743,21.182,35.161,2.092,72.023
2024-11-12,67.895,76.521,35.546,23.917,1.132,34.338,13.079,31.826,5.699,64.013
2024-11-13,47.482,87.812,43.430,23.541,1.241,33.183,16.717,66.389,6.694,58.771
2024-11-14,48.071,88.920,46.164,23.878,1.068,33.860,17.668,49.864,6.555,59.944
2024-11-15,62.871,96.590,57.548,29.446,1.230,28.762,9.989,55.076,6.388,71.922
2024-11-16,63.767,92.502,47.646,20.057,1.144,25.998,14.872,54.343,1.473,69.163
2024-11-17,64.158,103.274,39.546,22.131,0.780,29.168,15.815,35.197,3.479,70.970
2024-11-18,58.111,90.713,32.877,15.098,1.254,33.508,21.228,30.214,7.886,62.845
2024-11-19,59.537,96.728,35.486,30.677,0.801,14.763,16.393,83.905,7.917,65.884
2024-11-20,63.560,109.600,35.258,18.317,1.250,32.759,16.191,43.068,5.018,71.712
2024-11-21,62.026,101.647,45.242,18.459,1.612,32.164,21.232,55.565,5.820,70.555
2024-11-22,43.991,98.103,42.056,18.266,1.116,30.435,14.061,88.316,7.635,59.838
2024-11-23,60.320,93.165,29.411,16.776,0.849,28.955,12.839,79.606,3.874,63.992
2024-11-24,55.765,93.340,36.513,16.353,1.162,12.037,18.107,36.476,1.527,63.187
2024-11-25,64.401,91.659,47.020,17.381,0.950,26.921,14.990,60.511,5.517,69.102
2024-11-26,87.309,95.255,42.813,13.171,1.378,42.526,15.247,73.805,7.701,80.794
2024-11-27,66.800,108.726,44.549,16.073,1.156,30.090,21.340,71.904,5.729,74.928
2024-11-28,61.789,99.462,43.063,29.745,1.713,27.849,22.394,75.651,6.525,69.346
2024-11-29,72.114,88.699,53.011,23.678,1.549,30.118,22.280,57.447,3.671,73.269
2024-11-30,69.048,120.400,41.888,24.630,1.154,32.483,23.389,40.555,1.223,79.022
2024-12-01,68.999,106.444,36.912,25.886,1.415,34.612,23.936,57.892,1.767,73.815
2024-12-02,70.948,89.706,32.674,29.171,1.082,28.398,13.979,68.873,7.870,68.921
2024-12-03,83.005,99.893,41.997,11.143,1.210,32.974,21.869,66.516,4.199,79.870
2024-12-04,57.970,105.962,20.474,13.851,1.092,41.737,19.083,34.231,0.590,64.868
2024-12-05,71.273,122.444,38.526,15.981,1.430,37.044,18.586,33.897,7.665,80.075
2024-12-06,60.544,94.867,38.353,17.651,1.630,46.382,22.666,87.915,4.233,66.403
2024-12-07,72.874,116.262,29.084,18.497,1.440,25.403,15.952,39.108,6.772,77.133
2024-12-08,61.559,121.055,32.574,17.765,1.477,41.733,16.049,47.668,4.613,73.611
2024-12-09,66.051,101.335,46.477,21.097,1.477,24.465,23.364,76.058,1.263,72.721
2024-12-10,67.514,105.412,41.846,20.176,1.365,32.475,23.088,54.581,5.117,73.749
2024-12-11,78.168,98.392,40.814,16.386,0.858,35.127,22.198,40.888,7.981,76.765
2024-12-12,78.200,107.293,42.451,9.122,1.710,26.425,19.311,58.034,0.761,79.778
2024-12-13,61.380,109.537,40.741,15.036,1.741,30.616,24.347,64.137,6.813,71.699
2024-12-14,72.281,117.078,49.943,17.254,1.130,36.373,24.321,57.166,2.266,81.252
2024-12-15,66.663,121.964,40.987,18.765,1.089,25.028,22.702,85.137,3.454,78.118
2024-12-16,62.772,104.165,28.334,14.352,1.384,41.686,19.081,47.082,3.295,68.302
2024-12-17,71.606,92.559,53.041,17.546,1.365,20.308,21.505,69.680,7.241,74.179
2024-12-18,71.379,112.609,42.963,14.345,1.139,43.578,25.462,36.738,4.284,78.065
2024-12-19,93.767,116.347,35.286,19.371,0.825,37.009,27.099,53.537,3.854,88.845
2024-12-20,78.325,116.499,29.973,14.635,1.292,29.372,22.307,74.460,6.635,80.107
2024-12-21,64.350,111.332,43.167,15.755,1.365,27.181,22.708,43.489,0.867,74.208
2024-12-22,71.363,116.443,39.063,13.457,1.418,26.451,23.142,65.386,1.148,78.427
2024-12-23,84.565,130.947,52.593,19.232,1.305,29.049,24.623,39.206,0.663,92.085
2024-12-24,93.614,120.209,37.233,15.668,1.119,29.661,22.226,36.162,5.660,90.316
2024-12-25,64.733,113.258,33.301,24.534,1.498,38.787,15.458,61.394,4.442,73.004
2024-12-26,62.897,112.590,47.166,22.029,1.220,43.781,27.890,70.501,7.070,74.659
2024-12-27,93.419,116.495,47.402,19.651,1.061,31.396,29.868,36.802,4.239,91.138
2024-12-28,82.084,135.163,41.349,16.013,1.146,24.081,22.819,85.067,2.164,89.861
2024-12-29,72.537,117.565,45.411,21.903,0.676,26.180,21.628,43.546,6.539,80.620
2024-12-30,84.277,119.802,39.699,23.454,1.145,28.718,24.589,37.199,2.707,86.019
2024-12-31,59.430,115.779,41.871,20.713,1.407,22.789,24.610,42.162,7.518,72.823
2025-01-01,80.543,131.592,49.320,28.019,1.302,21.747,28.159,40.174,2.378,89.613
2025-01-02,83.655,140.803,45.003,22.298,1.656,44.680,25.508,35.440,1.758,93.069
2025-01-03,88.943,126.313,38.646,24.568,1.121,32.118,23.138,77.870,4.200,90.094
2025-01-04,73.953,123.236,50.819,20.668,1.346,24.168,21.733,59.732,0.879,84.111
2025-01-05,83.264,123.377,21.081,23.378,1.438,35.716,28.457,53.311,0.773,82.861
2025-01-06,75.690,99.765,56.417,16.016,1.903,21.752,27.830,87.038,4.220,79.058
2025-01-07,85.649,131.659,26.352,17.708,1.243,22.328,29.384,52.261,2.113,87.593
2025-01-08,76.956,126.146,34.983,21.747,0.887,24.379,23.468,40.018,0.570,83.318
2025-01-09,81.364,129.684,39.673,21.710,1.454,41.582,32.058,46.443,2.720,87.522
2025-01-10,77.172,118.881,38.828,22.538,1.760,28.230,21.482,44.338,4.080,82.016
2025-01-11,90.856,122.743,48.051,25.502,1.103,12.908,29.011,59.924,3.457,91.861
2025-01-12,93.021,123.068,31.537,12.875,1.452,38.470,21.322,47.490,1.516,89.738
2025-01-13,84.781,137.983,42.086,15.128,1.569,27.855,24.848,60.964,4.848,92.203
2025-01-14,87.466,124.566,35.374,21.148,1.505,17.054,32.070,70.158,5.827,88.178
2025-01-15,76.072,149.764,42.361,16.378,1.238,27.783,30.048,76.638,5.567,91.437
2025-01-16,85.761,133.827,39.482,36.889,0.990,33.647,26.081,72.609,3.453,90.925
2025-01-17,88.253,117.340,40.743,22.579,1.176,32.828,26.328,42.335,1.532,87.477
2025-01-18,110.114,129.387,35.601,19.608,1.338,42.589,28.351,36.954,4.246,100.993
2025-01-19,80.742,124.728,35.919,17.423,1.472,24.031,29.755,62.547,7.178,84.973
2025-01-20,101.839,109.869,42.298,17.599,1.300,30.327,32.130,41.935,4.015,92.340
2025-01-21,98.585,148.373,47.550,20.151,1.086,25.103,27.168,35.096,1.968,103.315
2025-01-22,93.337,139.972,35.214,20.560,1.367,19.205,23.862,61.626,1.198,95.703
2025-01-23,105.639,138.830,33.050,17.717,1.458,36.199,29.328,49.608,7.579,101.078
2025-01-24,95.021,135.706,44.908,18.634,1.314,33.243,27.643,75.369,6.073,97.204
2025-01-25,95.629,120.782,39.740,26.721,0.949,31.986,25.270,48.851,2.847,91.997
2025-01-26,92.558,130.311,46.644,26.923,1.146,32.988,30.221,88.723,2.715,94.701
2025-01-27,103.235,144.106,32.754,21.260,1.484,25.202,28.843,75.511,7.214,101.400
2025-01-28,102.678,125.712,25.764,13.294,0.785,22.960,30.555,33.462,1.832,94.206
2025-01-29,89.357,111.438,35.736,22.693,0.572,30.264,27.104,60.532,4.513,85.257
2025-01-30,84.259,135.011,33.869,27.771,1.652,38.128,31.398,63.757,5.851,89.407
2025-01-31,93.636,136.386,39.370,26.849,1.353,41.257,26.135,71.718,3.473,95.608
2025-02-01,89.302,139.675,34.905,23.672,1.382,35.568,27.751,59.868,0.799,93.535
2025-02-02,95.632,146.115,45.928,27.112,0.877,30.204,29.651,59.007,2.208,100.836
2025-02-03,106.473,145.711,37.695,20.267,1.421,31.888,35.750,52.076,7.264,104.489
2025-02-04,93.343,142.422,41.204,23.141,1.283,30.081,33.021,46.288,4.423,97.639
2025-02-05,97.081,152.283,41.261,16.596,0.725,22.818,34.040,86.772,6.616,102.478
2025-02-06,98.306,125.626,41.560,21.461,1.627,30.173,35.198,49.056,4.668,95.153
2025-02-07,105.042,146.343,39.807,26.648,1.248,20.656,41.893,33.805,7.577,104.385
2025-02-08,80.686,148.037,44.085,17.053,1.081,29.131,31.345,40.037,7.319,93.571
2025-02-09,94.209,129.845,33.635,15.693,1.087,41.453,35.616,81.437,4.122,92.785
2025-02-10,101.149,127.673,51.195,20.487,0.595,35.760,34.524,65.198,2.887,99.116
2025-02-11,109.450,135.698,38.108,18.867,1.378,23.538,34.604,76.727,5.013,103.056
2025-02-12,96.298,136.990,29.508,23.246,1.279,29.493,37.067,78.527,5.562,95.148
2025-02-13,85.599,151.581,41.505,17.734,1.142,24.159,30.613,79.394,4.238,96.575
2025-02-14,105.941,138.336,33.191,28.592,1.584,29.562,30.499,63.037,6.667,101.110
2025-02-15,96.267,136.344,45.323,13.552,0.785,37.288,33.076,40.627,1.875,98.101
2025-02-16,92.192,139.211,57.677,26.269,1.021,34.571,31.688,38.894,3.008,99.395
2025-02-17,97.068,156.926,33.707,16.176,0.945,47.389,33.310,64.439,5.648,102.353
2025-02-18,100.933,146.274,42.659,11.020,1.116,38.347,37.158,51.991,2.350,102.881
2025-02-19,97.911,144.748,25.956,21.189,1.220,31.428,31.149,63.483,3.799,97.571
2025-02-20,85.438,145.829,43.631,18.727,1.329,34.740,31.780,59.909,7.728,95.194
2025-02-21,110.585,160.231,32.914,14.452,1.096,28.583,33.326,66.132,5.194,109.945
2025-02-22,113.927,140.191,35.001,11.593,0.937,22.107,32.225,31.927,7.618,106.021
2025-02-23,109.253,161.203,31.190,19.958,1.706,39.140,27.272,31.970,5.918,109.225
2025-02-24,95.245,150.509,45.857,24.879,1.923,37.063,31.375,73.296,5.935,101.946
2025-02-25,103.032,147.147,48.058,22.925,1.243,28.313,35.277,41.588,4.939,105.272
2025-02-26,104.883,174.100,40.187,20.284,0.973,31.918,37.624,69.132,1.567,112.709
2025-02-27,110.009,138.865,33.085,22.394,1.643,38.687,29.942,62.795,4.398,103.281
2025-02-28,110.841,146.207,52.716,19.864,0.766,35.924,30.020,88.908,2.395,109.826
2025-03-01,99.890,137.732,33.997,12.851,1.100,19.758,33.678,80.124,7.990,98.064
2025-03-02,106.680,159.886,22.704,12.896,0.991,31.705,27.448,54.788,2.502,105.846
2025-03-03,109.935,167.548,43.667,18.984,0.852,28.827,32.424,66.985,2.230,113.965
2025-03-04,118.169,167.642,31.162,19.197,1.116,37.791,28.633,37.037,5.179,115.609
2025-03-05,112.395,163.459,47.909,24.255,0.941,37.217,38.027,53.183,4.332,114.817
2025-03-06,113.301,149.511,36.951,23.787,1.204,39.230,31.688,74.033,0.660,108.894
2025-03-07,107.881,148.093,44.830,23.026,1.208,22.175,39.029,67.360,1.471,107.334
2025-03-08,118.708,135.283,51.212,18.599,1.014,24.511,37.482,59.068,6.583,110.181
2025-03-09,110.907,172.593,30.329,13.097,1.089,37.799,32.271,40.592,4.128,113.297
2025-03-10,100.938,157.154,35.473,22.060,1.131,25.858,31.060,78.189,1.595,104.709
2025-03-11,119.242,147.765,39.395,22.626,1.443,19.350,33.758,46.390,3.989,111.829
2025-03-12,113.779,166.176,52.300,8.057,1.155,33.728,34.085,79.229,2.399,117.202
2025-03-13,104.824,143.368,34.733,15.828,1.447,26.169,35.494,66.697,2.177,102.369
2025-03-14,104.696,157.353,35.244,16.545,1.376,42.529,32.181,52.364,7.683,106.603
2025-03-15,111.060,151.742,43.825,20.592,1.371,32.073,36.802,32.436,3.215,109.817
2025-03-16,112.539,160.026,35.382,15.983,1.616,31.122,35.407,43.945,0.848,111.354
2025-03-17,110.551,153.165,41.220,19.809,0.864,27.415,33.636,83.344,7.777,109.469
2025-03-18,111.592,139.443,27.588,18.947,1.058,41.136,32.565,79.078,6.461,103.147
2025-03-19,122.823,154.849,57.715,19.204,1.729,32.510,34.186,64.491,2.408,119.409
2025-03-20,117.908,164.713,29.218,16.418,1.123,27.141,32.328,57.979,3.567,114.212
2025-03-21,110.964,154.054,37.426,16.805,0.355,24.441,34.988,68.829,6.967,109.183
2025-03-22,117.065,162.208,39.740,14.599,1.139,29.486,35.101,57.975,3.181,115.143
2025-03-23,101.360,144.102,55.302,21.900,1.240,23.156,35.659,68.658,4.756,104.971
2025-03-24,112.881,154.385,29.401,22.856,0.415,37.202,40.198,48.444,4.511,108.636
2025-03-25,124.241,148.483,55.870,16.147,1.600,17.342,34.525,80.310,3.510,117.839
2025-03-26,108.082,162.267,46.057,27.603,0.986,29.023,37.956,72.115,5.296,111.933
2025-03-27,103.096,155.172,43.337,18.427,1.299,34.271,35.648,49.799,4.050,106.767
2025-03-28,104.703,161.807,32.123,27.651,1.132,32.395,34.259,79.840,0.659,107.318
2025-03-29,101.236,165.822,44.569,16.789,0.813,24.979,34.627,59.241,6.608,109.279
2025-03-30,103.699,161.890,34.212,9.867,0.879,34.622,34.816,40.478,1.349,107.259
2025-03-31,107.029,157.723,50.133,22.011,0.919,23.798,35.837,34.663,3.981,110.858
2025-04-01,98.755,145.018,32.232,21.243,1.526,29.843,32.122,71.976,4.849,99.329
2025-04-02,110.122,154.969,39.095,20.172,1.156,34.563,30.603,81.907,5.791,109.371
2025-04-03,117.205,149.653,35.558,16.789,1.043,33.240,36.958,78.447,3.581,110.610
2025-04-04,102.704,151.520,32.100,19.827,0.920,25.275,37.683,69.339,6.017,103.228
2025-04-05,122.092,151.182,45.931,17.444,1.559,38.382,37.216,38.483,1.485,115.587
2025-04-06,113.986,145.084,44.284,18.488,1.639,30.607,35.432,35.643,5.401,109.375
2025-04-07,118.098,135.255,49.672,24.208,1.555,35.201,37.253,50.702,6.698,109.560
2025-04-08,104.535,148.083,25.761,20.921,1.348,40.704,37.073,81.295,7.171,101.844
2025-04-09,116.570,156.623,48.513,23.050,1.287,37.823,37.274,87.704,4.847,114.974
2025-04-10,100.925,141.122,60.044,18.841,0.835,37.841,32.308,44.482,2.847,104.808
2025-04-11,116.700,154.665,36.387,18.290,1.126,31.349,31.569,75.726,1.725,112.027
2025-04-12,110.863,173.405,55.161,14.233,0.995,35.558,33.664,64.432,3.092,118.485
2025-04-13,113.814,164.517,37.895,18.150,0.652,31.495,34.744,31.908,4.550,113.841
2025-04-14,99.876,170.596,29.021,3.394,1.517,21.535,34.034,62.575,1.972,106.921
2025-04-15,102.003,157.935,37.555,17.049,0.991,32.119,29.091,78.356,7.644,105.893
2025-04-16,113.816,165.553,48.386,19.591,1.559,31.795,39.844,46.567,7.229,116.251
2025-04-17,101.317,146.482,33.295,22.818,1.465,34.086,33.813,83.842,0.747,101.262
2025-04-18,112.467,147.112,35.197,18.657,1.367,29.104,35.105,44.176,4.715,107.407
2025-04-19,97.673,125.987,44.748,21.738,1.384,24.670,38.270,34.588,6.420,95.583
2025-04-20,115.236,165.054,40.024,9.101,1.015,34.596,27.449,39.596,2.340,115.139
2025-04-21,98.423,168.400,44.677,19.716,1.757,20.807,32.893,80.220,4.429,108.667
2025-04-22,112.525,147.259,41.903,11.602,1.213,40.212,33.207,55.038,3.545,108.821
2025-04-23,112.927,150.036,43.837,13.958,1.291,28.380,33.298,77.817,1.974,110.242
2025-04-24,102.155,144.812,36.542,19.064,1.005,31.719,33.722,61.874,5.111,101.829
2025-04-25,112.184,155.942,41.854,26.381,0.921,33.910,38.517,58.834,7.953,111.245
2025-04-26,109.402,163.120,32.581,21.856,1.343,34.135,36.126,78.415,3.240,110.153
2025-04-27,102.790,134.190,50.307,20.091,1.265,20.137,36.908,55.409,4.643,101.713
2025-04-28,98.807,155.449,34.926,19.902,0.963,35.769,34.100,78.122,2.959,103.023
2025-04-29,90.941,148.315,49.031,16.432,0.768,32.122,29.682,36.040,7.077,99.771
2025-04-30,109.198,151.934,38.131,17.280,0.819,25.553,27.561,68.179,6.985,107.805
2025-05-01,93.633,155.100,41.616,22.137,1.559,24.752,29.129,72.155,1.841,101.669
2025-05-02,106.657,148.328,36.040,13.073,1.016,27.662,34.711,83.946,7.250,105.035
2025-05-03,103.522,148.865,31.872,22.965,1.098,20.909,33.639,43.459,1.636,102.795
2025-05-04,110.791,147.445,26.042,18.057,1.635,42.056,32.822,66.253,1.216,104.837
2025-05-05,102.661,158.961,31.557,24.128,0.863,40.403,32.254,55.995,5.397,105.330
2025-05-06,102.155,153.110,37.409,24.805,0.982,33.162,39.299,52.966,3.394,104.492
2025-05-07,110.351,150.785,41.695,11.635,0.969,28.436,30.697,36.403,4.481,108.750
2025-05-08,106.875,135.517,48.083,17.092,1.685,28.620,35.848,38.054,5.394,103.709
2025-05-09,106.415,144.081,36.434,15.722,1.798,35.306,32.968,80.219,0.896,103.718
2025-05-10,107.324,156.484,32.944,10.936,1.425,42.305,32.674,74.985,2.697,107.196
2025-05-11,90.962,147.498,28.458,14.837,1.435,26.007,36.279,52.940,3.957,95.422
2025-05-12,108.971,153.331,43.841,32.206,1.026,22.177,37.026,79.709,2.499,109.253
2025-05-13,107.480,164.008,51.066,23.048,1.784,40.833,31.808,34.846,0.867,113.156
2025-05-14,94.103,156.329,50.131,29.586,1.280,17.490,34.810,67.486,1.150,103.976
2025-05-15,99.934,146.466,45.679,24.145,1.456,22.940,33.387,82.091,6.513,103.043
2025-05-16,101.216,140.009,45.108,16.291,1.168,28.272,32.199,80.332,7.335,101.632
2025-05-17,100.092,119.160,53.581,18.091,1.120,19.077,32.669,52.367,1.642,96.510
2025-05-18,103.469,142.581,42.657,22.942,1.699,37.785,29.869,74.714,2.369,103.040
2025-05-19,111.874,140.567,45.169,22.188,1.362,35.998,30.889,55.648,5.392,107.141
2025-05-20,108.696,147.286,37.434,17.113,1.635,25.976,29.939,80.408,7.657,106.021
2025-05-21,89.157,141.391,29.104,12.450,1.277,38.957,34.256,61.846,2.747,92.817
2025-05-22,104.238,139.268,34.529,36.439,0.945,40.145,31.135,75.891,6.914,100.805
2025-05-23,109.494,124.213,39.927,19.294,1.025,29.208,27.394,34.714,4.295,99.996
2025-05-24,101.553,132.135,40.486,18.371,1.231,26.845,28.983,65.402,7.674,98.514
2025-05-25,106.777,145.823,55.410,20.567,1.012,45.817,21.418,63.017,1.522,108.217
2025-05-26,113.732,157.732,40.650,18.786,0.868,35.048,29.394,66.599,7.803,112.315
2025-05-27,105.403,139.107,49.431,20.614,1.560,31.794,30.851,71.738,3.807,104.320
2025-05-28,98.782,142.864,36.519,26.435,1.037,39.545,30.187,85.087,7.647,99.554
2025-05-29,104.718,148.608,37.507,19.377,1.241,32.114,36.393,77.141,3.940,104.443
2025-05-30,97.081,130.467,29.368,14.186,1.289,26.461,32.032,43.178,4.476,93.554
2025-05-31,95.673,141.730,34.061,19.192,1.024,30.561,31.752,79.554,6.536,97.168
2025-06-01,92.226,130.139,44.216,17.678,1.635,37.271,25.083,37.325,5.920,93.998
2025-06-02,107.095,145.668,40.060,27.119,0.865,16.055,28.769,67.332,5.147,105.260
2025-06-03,87.587,138.005,47.544,25.856,1.278,27.984,28.252,82.965,3.627,94.704
2025-06-04,105.936,138.941,41.450,20.538,1.274,39.681,27.201,36.067,6.443,102.940
2025-06-05,97.214,127.592,37.180,13.606,1.184,26.417,27.006,80.982,7.612,94.321
2025-06-06,81.556,141.945,57.186,13.871,0.811,40.823,23.826,77.917,0.574,94.799
2025-06-07,95.222,155.175,39.249,20.076,1.461,39.903,25.266,60.227,4.909,102.013
2025-06-08,75.007,123.697,49.304,21.682,1.423,29.541,31.558,48.534,6.995,84.474
2025-06-09,96.335,129.822,36.790,18.127,0.997,26.020,28.348,54.326,5.398,94.472
2025-06-10,97.933,134.976,45.677,17.599,1.412,27.988,27.098,88.119,6.506,98.595
2025-06-11,85.630,139.960,47.424,17.036,1.312,48.652,28.440,42.102,7.213,94.288
2025-06-12,90.871,125.934,41.668,19.883,0.816,43.121,31.796,64.776,6.132,91.549
2025-06-13,105.026,102.628,21.164,8.086,0.944,30.878,28.144,34.994,5.878,87.535
2025-06-14,84.855,143.977,40.146,14.493,1.541,25.743,29.588,43.074,7.736,93.650
2025-06-15,79.936,137.413,49.844,16.865,1.293,30.819,25.262,75.799,6.978,91.161
2025-06-16,99.763,111.799,44.220,26.038,1.031,31.707,25.781,48.156,6.615,92.265
2025-06-17,103.111,122.570,43.567,15.931,0.942,21.296,28.532,89.146,1.148,97.040
2025-06-18,86.939,143.743,26.222,20.902,1.045,30.560,32.981,60.049,2.293,91.837
2025-06-19,94.497,141.951,34.236,21.133,1.067,39.257,31.425,60.992,4.676,96.681
2025-06-20,96.632,136.270,43.291,26.490,0.946,17.405,28.715,32.179,5.822,97.855
2025-06-21,79.453,124.531,43.283,26.313,0.677,35.786,27.252,87.392,2.774,85.742
2025-06-22,81.002,126.528,49.717,19.712,1.542,39.624,30.831,40.454,1.200,88.403
2025-06-23,94.221,123.794,38.841,17.623,1.491,26.076,28.842,62.300,2.833,92.017
2025-06-24,97.343,135.789,43.247,16.681,0.818,41.859,19.406,53.740,6.283,98.057
2025-06-25,87.853,115.150,40.131,18.795,1.241,25.168,22.955,54.935,7.081,86.497
2025-06-26,75.798,115.251,32.104,17.830,0.929,33.088,26.960,68.598,7.347,78.895
2025-06-27,98.218,132.811,21.954,22.768,1.122,27.853,20.413,69.725,3.342,93.343
2025-06-28,77.559,121.664,43.448,22.102,1.097,27.851,22.909,39.257,3.294,83.968
2025-06-29,78.610,135.290,41.392,22.959,1.072,25.679,23.331,59.975,3.550,88.170
2025-06-30,83.513,114.189,35.055,26.296,1.801,34.890,24.490,77.429,3.319,83.024
2025-07-01,92.691,119.753,27.047,29.314,1.068,35.942,24.224,56.597,5.496,87.681
2025-07-02,86.574,110.475,45.038,20.623,0.958,29.549,24.047,39.948,3.187,85.437
2025-07-03,82.544,119.170,37.873,25.497,0.971,20.480,27.218,48.793,0.653,84.598
2025-07-04,82.416,103.709,44.455,18.242,1.513,32.822,23.774,42.743,3.793,81.211
2025-07-05,78.542,113.016,54.912,25.925,0.704,32.954,23.244,37.549,2.181,84.158
2025-07-06,82.144,102.929,22.869,25.308,0.971,28.483,20.179,52.655,0.716,76.524
2025-07-07,56.927,123.630,34.403,25.042,1.634,43.071,27.128,62.456,4.031,72.433
2025-07-08,74.277,123.258,38.325,20.470,1.273,19.052,21.869,34.365,2.045,81.781
2025-07-09,78.068,98.191,51.639,16.658,1.258,14.479,20.451,66.229,3.896,78.819
2025-07-10,66.418,128.236,26.909,13.027,1.840,24.884,24.181,89.581,2.583,77.061
2025-07-11,78.206,139.276,55.487,19.800,1.274,34.973,21.071,87.847,5.028,91.983
2025-07-12,72.971,114.168,41.087,27.665,0.988,22.609,21.624,79.750,7.932,78.953
2025-07-13,88.144,106.705,39.232,18.451,1.115,23.133,23.809,45.980,4.604,83.930
2025-07-14,86.179,140.770,38.416,23.926,0.859,36.657,21.885,31.344,5.352,93.003
2025-07-15,69.364,98.750,36.510,24.220,1.577,33.238,29.632,80.013,7.395,71.609
2025-07-16,71.383,111.555,48.385,18.582,1.372,32.639,22.305,33.343,3.305,78.835
2025-07-17,71.498,112.568,31.452,26.582,1.537,35.470,24.217,42.338,1.749,75.810
2025-07-18,67.980,123.643,42.763,5.457,1.564,27.024,16.373,62.667,2.621,79.636
2025-07-19,72.659,113.212,36.927,13.886,1.076,27.347,19.451,40.703,3.521,77.678
2025-07-20,64.541,104.055,33.903,15.422,0.917,35.668,18.608,80.027,5.338,70.267
2025-07-21,61.073,98.959,60.688,15.901,1.184,20.586,18.843,76.630,0.534,72.362
2025-07-22,74.613,104.485,43.352,21.681,0.938,15.001,22.790,75.346,6.900,77.323
2025-07-23,74.185,97.271,44.906,21.450,1.249,26.967,24.490,78.968,1.071,75.255
2025-07-24,62.234,107.258,49.102,21.970,1.540,36.516,22.257,43.182,7.255,73.115
2025-07-25,75.355,100.582,28.629,22.980,1.150,31.789,20.384,73.734,7.621,73.578
2025-07-26,62.667,90.732,54.018,15.249,1.245,36.001,19.014,51.317,7.926,69.357
2025-07-27,69.275,117.676,19.928,13.909,1.172,15.886,24.091,70.011,6.571,73.926
2025-07-28,73.347,99.605,33.850,21.982,1.441,32.208,26.809,37.321,1.564,73.325
2025-07-29,66.054,91.362,36.328,16.849,1.000,34.577,20.846,72.335,5.796,67.701
2025-07-30,69.503,101.827,44.654,12.148,0.541,20.544,23.106,88.326,2.025,74.230
2025-07-31,61.280,103.664,41.750,24.857,1.341,36.034,21.167,32.616,7.228,70.089
2025-08-01,63.391,84.992,38.665,26.976,1.496,29.219,22.254,35.630,2.875,64.926
2025-08-02,62.871,105.254,39.904,27.786,1.334,51.499,16.346,37.418,2.951,70.993
2025-08-03,58.105,90.953,32.176,20.935,1.008,14.759,18.228,55.834,7.382,62.774
2025-08-04,62.229,118.027,28.022,23.130,0.859,39.584,20.734,47.447,0.599,72.127
2025-08-05,50.823,105.654,45.812,26.849,1.348,27.241,23.042,78.415,1.955,66.270
2025-08-06,58.858,95.919,45.550,16.793,1.242,18.680,16.808,58.427,3.664,67.314
2025-08-07,60.087,91.976,52.676,25.553,1.162,26.311,13.022,59.072,5.755,68.172
2025-08-08,59.902,97.893,33.680,21.377,1.747,31.942,17.489,73.022,5.357,66.055
2025-08-09,59.609,104.593,45.543,24.569,0.916,37.262,21.878,51.718,5.521,70.291
2025-08-10,60.643,97.738,37.730,20.930,1.733,42.054,13.961,51.192,7.100,67.189
2025-08-11,64.574,95.356,49.524,26.481,1.210,39.953,15.049,75.416,1.408,70.799
2025-08-12,67.341,97.653,48.176,21.118,0.649,23.242,18.916,76.803,4.416,72.602
2025-08-13,54.760,90.579,41.690,12.580,1.146,37.911,17.971,30.864,5.941,62.892
2025-08-14,49.951,92.741,37.284,27.260,1.488,32.739,19.976,38.627,5.271,60.255
2025-08-15,50.865,74.877,47.687,15.262,1.090,25.418,14.381,42.786,3.862,57.433
2025-08-16,54.935,105.042,45.175,26.265,0.758,28.517,16.969,51.096,0.628,68.015
2025-08-17,55.654,97.869,34.524,19.549,1.151,25.031,21.409,47.487,0.953,64.093
2025-08-18,51.953,86.731,29.378,25.880,0.943,30.260,14.126,70.111,1.392,57.871
2025-08-19,47.394,113.045,37.692,25.674,1.348,24.892,22.019,79.688,3.074,65.149
2025-08-20,53.771,94.527,52.123,22.151,1.432,22.804,14.271,41.525,1.382,65.668
2025-08-21,58.535,82.902,49.172,22.543,0.883,33.354,19.909,63.779,3.696,63.972
2025-08-22,61.514,101.446,31.101,22.113,0.988,34.401,16.132,52.069,1.840,67.411
2025-08-23,51.971,96.483,30.658,9.931,1.427,28.687,13.709,60.347,6.344,61.062
2025-08-24,52.811,96.079,50.197,20.592,0.942,39.574,15.547,67.245,7.036,65.269
2025-08-25,48.392,87.516,30.915,14.420,0.875,28.177,18.570,83.616,3.422,56.634
2025-08-26,55.252,95.926,44.074,20.856,0.846,27.881,16.814,41.538,4.335,65.219
2025-08-27,48.422,88.460,35.071,14.285,1.306,34.623,20.092,35.220,7.651,57.763
2025-08-28,59.507,96.302,52.936,14.075,1.293,29.073,20.948,67.633,4.516,69.232
2025-08-29,40.356,71.367,33.837,28.025,0.995,30.594,12.998,53.648,7.963,48.355
2025-08-30,51.493,85.760,49.147,25.347,1.202,12.357,12.688,39.774,1.566,61.304
2025-08-31,56.515,107.012,41.479,19.979,1.658,30.117,12.454,37.025,6.967,68.657
2025-09-01,55.319,81.820,42.018,20.924,0.908,17.210,13.585,63.535,4.229,60.609
2025-09-02,75.144,83.161,24.238,18.760,0.614,21.453,19.513,48.028,0.670,67.368
2025-09-03,56.157,84.438,22.377,22.849,1.337,20.653,17.801,89.846,7.792,57.885
2025-09-04,45.092,76.498,38.235,16.620,1.167,22.702,14.407,54.354,7.738,53.143
2025-09-05,52.136,66.300,41.975,24.969,0.987,26.158,15.933,42.737,3.375,54.353
2025-09-06,38.472,85.823,30.998,18.735,1.396,26.595,20.107,67.731,7.656,51.183
2025-09-07,51.828,89.243,31.290,17.901,1.452,34.650,21.548,44.655,1.558,58.945
2025-09-08,45.607,87.125,44.492,20.109,0.538,31.557,16.535,59.645,5.601,57.839
2025-09-09,59.401,85.976,44.503,17.044,1.004,16.692,7.715,58.955,1.939,64.394
2025-09-10,47.497,87.640,38.898,21.643,1.895,30.583,16.523,57.213,2.350,57.820
2025-09-11,50.783,97.232,46.242,17.313,1.375,32.228,18.377,77.765,6.345,63.809
2025-09-12,46.465,84.903,30.606,22.343,1.403,27.700,16.190,42.997,3.330,54.824
2025-09-13,65.300,80.880,37.153,26.080,1.552,29.574,17.643,84.258,0.553,64.345
2025-09-14,48.669,83.634,53.183,16.403,1.205,31.332,16.484,77.480,3.607,60.061
2025-09-15,65.756,92.072,40.547,19.347,1.439,35.352,11.661,49.987,2.211,68.609
2025-09-16,57.475,100.242,41.011,22.307,1.415,18.976,12.662,40.836,5.625,67.012
2025-09-17,54.693,79.694,58.448,17.821,1.362,28.290,14.315,46.772,1.958,62.944
2025-09-18,53.670,86.829,28.805,22.322,1.103,40.558,18.436,49.958,6.817,58.645
2025-09-19,53.762,89.097,46.371,22.777,1.252,39.917,12.906,63.416,2.503,62.884
2025-09-20,35.091,75.672,53.312,25.416,1.023,35.957,16.538,32.782,3.448,50.909
2025-09-21,48.190,85.696,37.401,16.970,1.204,33.758,16.052,84.862,2.735,57.284
2025-09-22,57.101,70.740,46.877,15.286,0.849,41.582,19.872,35.920,5.329,59.148
2025-09-23,49.875,67.621,32.144,18.462,0.963,43.425,14.964,46.756,1.259,51.653
2025-09-24,38.961,88.903,34.506,15.161,1.115,29.096,9.803,36.557,4.086,53.053
2025-09-25,49.728,81.333,43.080,22.822,0.917,23.214,16.990,45.400,3.008,57.880
2025-09-26,63.733,87.140,46.389,14.191,1.048,28.108,21.448,80.260,7.131,67.286
2025-09-27,60.038,84.894,48.967,31.665,1.151,51.677,17.158,66.911,1.051,65.280
2025-09-28,49.538,75.275,52.557,26.480,1.321,19.015,12.648,43.639,6.723,57.863
2025-09-29,57.625,84.563,39.460,20.063,1.485,26.706,11.759,82.306,1.758,62.074
2025-09-30,47.070,72.672,49.549,24.337,1.061,20.111,12.142,78.043,1.164,55.247
2025-10-01,36.369,98.910,37.262,11.816,1.601,30.873,21.010,75.219,2.017,55.310
2025-10-02,42.611,71.448,47.217,32.617,1.482,21.581,14.020,80.858,1.270,52.183
2025-10-03,62.526,83.068,41.660,17.049,1.351,29.239,13.020,67.179,4.407,64.515
2025-10-04,47.855,74.632,43.565,19.398,1.246,16.349,14.540,60.086,7.912,55.030
2025-10-05,48.133,90.798,43.388,10.720,1.296,34.323,14.076,52.436,0.757,59.984
2025-10-06,47.724,81.829,27.162,22.431,1.556,38.556,19.744,43.426,3.958,53.843
2025-10-07,65.407,80.016,31.007,14.468,1.567,27.312,12.014,63.445,3.396,62.909
2025-10-08,63.241,93.804,40.820,20.508,1.600,29.054,18.620,83.370,3.047,67.926
2025-10-09,68.052,85.647,26.502,17.279,1.212,28.856,15.467,65.639,2.989,65.020
2025-10-10,49.107,90.609,46.650,14.611,1.366,31.266,18.748,85.176,7.213,61.066
2025-10-11,52.831,75.730,46.972,15.978,1.603,29.733,19.903,51.415,0.642,58.529
2025-10-12,38.428,71.606,42.617,21.129,1.013,35.377,15.441,71.708,6.312,49.219
2025-10-13,62.480,86.847,31.031,13.593,1.104,38.631,14.276,68.920,2.397,63.500
2025-10-14,41.435,82.718,51.041,16.256,1.205,24.302,15.458,70.226,3.375,55.741
2025-10-15,52.632,92.312,56.298,23.316,1.470,27.835,15.015,68.703,3.651,65.269
2025-10-16,42.249,85.400,41.177,33.012,1.475,36.311,10.372,43.299,2.785,54.980
2025-10-17,46.455,88.411,44.084,22.388,1.131,20.048,20.046,38.615,1.202,58.568
2025-10-18,44.615,70.298,41.614,15.414,0.747,16.205,16.175,88.718,1.357,51.720
2025-10-19,46.605,105.597,44.243,18.164,1.274,31.584,12.000,32.718,2.736,63.830
2025-10-20,47.319,85.262,39.044,20.158,0.925,33.474,9.341,58.064,6.664,57.047
2025-10-21,47.418,94.081,39.723,18.253,0.753,24.944,8.619,55.505,1.510,59.878
2025-10-22,58.652,78.955,47.246,24.515,0.821,25.949,17.973,51.601,6.070,62.461
2025-10-23,43.335,90.616,58.765,21.087,1.298,24.679,13.868,76.919,2.667,60.605
2025-10-24,54.135,74.738,28.799,24.539,1.608,23.932,14.426,74.721,7.126,55.249
2025-10-25,62.320,92.526,39.170,18.428,1.212,34.854,17.323,84.313,3.712,66.752
2025-10-26,48.684,84.695,30.556,26.628,1.263,21.737,14.382,53.729,1.788,55.862
2025-10-27,47.268,88.805,52.736,19.168,1.555,28.141,17.643,63.851,7.894,60.823
2025-10-28,51.396,95.760,35.298,15.144,0.737,23.663,16.366,83.538,1.825,61.486
2025-10-29,62.916,76.732,28.454,30.887,1.356,19.813,15.907,89.631,4.757,60.168
2025-10-30,55.276,82.499,45.105,10.875,1.197,36.091,11.523,88.158,4.770,61.409
2025-10-31,49.727,94.212,53.954,16.306,1.370,26.361,13.866,73.071,3.296,63.918
2025-11-01,58.108,110.925,45.309,16.865,1.055,31.319,18.220,38.594,7.636,71.393
2025-11-02,45.687,88.876,41.638,32.542,0.955,19.443,14.456,31.391,6.829,57.834
2025-11-03,60.232,96.490,43.273,29.034,1.242,24.806,20.210,79.513,6.724,67.718
2025-11-04,58.334,89.839,51.319,27.470,1.695,35.293,23.727,80.457,7.806,66.382
2025-11-05,52.893,110.671,33.006,18.347,1.458,48.111,18.754,74.782,3.928,66.249
2025-11-06,48.945,74.124,39.105,32.131,1.048,16.166,21.363,46.795,1.229,54.531
2025-11-07,48.866,92.899,36.378,21.842,0.798,28.592,19.149,68.389,6.241,59.578
2025-11-08,60.550,76.061,30.657,24.886,0.695,32.886,15.488,48.975,3.356,59.225
2025-11-09,66.423,67.624,37.373,20.898,1.595,25.687,17.797,57.039,1.928,60.973
2025-11-10,51.819,96.045,48.862,19.753,0.913,35.947,23.346,52.946,4.124,64.495
2025-11-11,60.918,94.854,44.533,18.741,1.102,23.933,15.846,84.818,7.443,67.822
2025-11-12,40.895,91.008,45.154,18.952,1.596,31.077,14.412,44.049,1.785,56.780
2025-11-13,53.261,93.198,41.172,23.042,0.716,26.345,14.243,64.657,6.865,62.824
2025-11-14,58.042,125.655,44.187,21.836,1.648,38.536,17.111,51.659,3.637,75.555
2025-11-15,51.373,92.510,33.595,19.843,1.124,25.265,14.873,69.784,1.526,60.159
2025-11-16,51.524,100.620,37.524,27.548,0.855,27.537,23.027,63.874,6.863,63.453
2025-11-17,54.046,89.460,41.536,5.166,1.126,36.620,18.779,85.439,7.772,62.168
2025-11-18,62.104,99.347,42.220,22.549,0.983,22.804,21.171,36.097,2.685,69.300
2025-11-19,58.652,94.460,42.562,23.589,1.332,30.481,17.488,43.238,2.777,66.177
2025-11-20,42.635,93.193,38.893,25.735,1.006,17.242,15.093,75.981,3.429,57.054
2025-11-21,43.971,115.949,36.981,19.676,0.627,22.384,14.717,52.127,6.606,64.166
2025-11-22,56.484,110.000,65.262,21.040,1.134,32.675,16.056,39.947,0.578,74.294
2025-11-23,65.407,100.071,47.254,24.930,0.793,23.065,19.958,60.199,2.180,72.176
2025-11-24,40.178,76.142,43.305,27.456,1.261,26.188,20.612,69.129,5.794,51.593
2025-11-25,58.578,96.062,38.134,18.497,0.844,33.452,21.002,32.690,3.542,65.735
2025-11-26,58.789,127.196,36.390,21.335,1.054,25.946,14.867,47.497,2.977,74.831
2025-11-27,74.534,98.358,38.954,28.393,1.255,35.760,19.474,78.565,7.042,74.565
2025-11-28,60.780,112.202,42.343,9.380,1.136,31.510,16.542,61.215,7.380,72.519
2025-11-29,67.361,116.100,24.957,16.550,1.275,33.050,20.970,32.123,7.610,73.502
2025-11-30,65.870,104.386,27.445,27.329,1.404,38.687,21.351,46.917,2.544,69.740
2025-12-01,48.142,94.300,34.905,25.463,0.853,32.239,16.546,68.348,7.344,59.342
2025-12-02,71.784,78.891,41.657,22.612,1.181,40.772,23.117,41.962,6.027,67.891
2025-12-03,67.817,110.617,38.086,17.757,0.201,36.379,27.381,79.643,1.657,74.711
2025-12-04,70.619,96.164,51.825,15.591,1.274,26.336,23.022,70.595,5.077,74.524
2025-12-05,98.427,106.614,28.141,17.044,1.110,39.052,20.184,58.283,0.698,86.826
2025-12-06,50.811,92.900,33.989,27.740,0.905,31.847,19.878,84.937,5.813,60.073
2025-12-07,81.753,103.296,52.161,16.858,1.295,27.237,20.358,53.508,6.002,82.297
2025-12-08,66.131,106.839,41.049,20.507,1.552,31.949,18.861,44.104,6.420,73.327
2025-12-09,71.207,109.746,47.079,16.231,1.057,37.786,22.060,69.684,1.794,77.943
2025-12-10,69.026,96.473,56.410,24.214,0.917,33.185,18.048,64.398,5.212,74.737
2025-12-11,66.480,120.156,34.450,17.306,1.250,42.757,15.956,50.115,1.841,76.177
2025-12-12,65.803,102.787,39.205,19.512,0.799,37.606,22.446,50.620,7.600,71.579
2025-12-13,73.488,92.583,37.821,11.583,1.002,33.662,22.014,53.893,5.563,72.083
2025-12-14,59.208,108.813,24.363,11.933,1.567,22.818,20.402,47.468,1.215,67.121
2025-12-15,77.846,110.825,37.517,20.038,1.219,28.742,18.432,72.614,1.903,79.674
2025-12-16,69.010,112.669,47.048,13.374,0.636,30.502,23.316,69.082,5.476,77.715
2025-12-17,63.799,125.268,44.325,30.525,0.661,34.876,19.643,56.447,4.075,78.345
2025-12-18,69.742,109.868,44.953,9.692,1.249,34.461,22.364,53.871,6.022,76.822
2025-12-19,83.904,111.625,36.996,15.999,1.459,31.187,28.244,51.903,2.606,82.839
2025-12-20,70.071,102.380,34.751,20.084,0.715,30.842,25.071,47.008,5.434,72.700
2025-12-21,77.729,122.210,50.154,18.174,1.335,35.043,19.180,35.142,1.827,85.558
2025-12-22,69.523,116.442,36.021,14.479,1.599,23.990,19.632,46.092,4.578,76.899
2025-12-23,81.945,110.995,42.353,15.210,1.766,41.869,24.083,49.272,7.683,82.742
2025-12-24,81.878,96.746,41.307,15.047,1.299,15.670,19.672,62.861,5.212,78.224
2025-12-25,91.696,130.836,51.694,18.566,1.352,40.188,17.964,76.427,0.875,95.437
2025-12-26,76.017,104.714,47.771,29.760,0.560,29.684,25.737,53.742,7.916,78.977
2025-12-27,83.285,111.679,29.638,20.390,1.830,37.018,25.275,86.685,1.676,81.074
2025-12-28,79.236,121.777,30.500,25.915,1.027,32.547,25.836,79.641,5.886,82.251
2025-12-29,89.334,106.830,44.631,22.535,0.920,32.422,25.445,89.088,4.494,85.642
2025-12-30,73.733,104.462,39.485,25.569,1.123,33.880,24.632,82.572,2.708,76.102
2025-12-31,85.960,98.761,36.359,6.000,1.654,35.663,23.013,67.004,1.830,79.880
